S. No.,Name of the Organization,Salary Per Annum (Rs. In Lakhs),Date of Test/ Interview,ECE,CSE,EEE,IT,MECH,PROD,CIVIL,CHEM,BIO- TECH,
1,AISHWARYA TELECOM,1.8,18.06.2009,2,NA,NA,NA,NA,NA,NA,NA,NA,
2,CORDYS,3.5,26.06.2009,1,NA,NA,NA,NA,NA,NA,NA,NA,
3,AWAYA,4,28.06.2009,1,NA,1,1,NA,NA,NA,NA,NA,
4,VINISOFT,1.44,03.07.2009,NA,NA,NA,NA,NA,NA,3,NA,NA,
5,HONEYWELL,3.25,09.07.2009,NA,2,3,NA,NA,NA,NA,NA,NA,
6,VALUE LABS,2,11.07.2009,NA,NA,NA,2,NA,NA,NA,NA,NA,
7,TATA ADVANCE SYSTEMS,3.2,22.07.2009,NA,NA,NA,NA,2,NA,NA,NA,NA,
8,POKARNA GRANITES,2,19.08.2009,NA,NA,1,NA,3,NA,NA,NA,NA,
9,CAPITAL IQ,5.8,21.08.2009,NA,2,NA,0,NA,NA,NA,NA,NA,
10,NALCO,1.8,30.08.2009,NA,NA,NA,NA,NA,NA,NA,2,NA,
11,BIRLA SOFT,2,23.09.2009,0,2,NA,2,NA,NA,NA,NA,NA,
12,ZETA INTERACTIVE,2.16,"26.09.2009
(Off Campus)",NA,0,NA,0,NA,NA,NA,NA,NA,
13,"NOKIA SIEMENS
NETWORKS - GET PROGRAM",3.15,"29.09.2009
(Off Campus)",1,0,0,0,NA,NA,NA,NA,NA,
14,ZETA INTERACTIVE,2.16,"05.10.2010
(Off campus)",NA,NA,NA,NA,NA,NA,NA,NA,NA,
15,REVIVAL SOFT GROUP,1.8,26.10.2009,NA,1,NA,1,NA,NA,NA,NA,NA,
16,"LEAP LOYALITY
SOLUTIONS",2.46,30.10.2009,NA,NA,NA,NA,NA,NA,NA,NA,NA,
17,"DALMIA CEMENTS
(BHARAT) LTD.",2.8,02.11.2009,1,NA,NA,NA,NA,NA,NA,1,NA,
18,"PRITHVI INFORMATION
SOLUTIONS LTD.",2.5,12.11.2009,NA,5,NA,8,NA,NA,NA,NA,NA,
19,MAQ SOFTWARE,3.25,13.11.2009,NA,7,NA,4,NA,NA,NA,NA,NA,
20,CTS,3.1,"18 &
19.12.2009",39,41,18,20,21,8,8,7,19,
21,DELOITTE,4.25,23.12.2009,13,8,NA,5,NA,NA,NA,NA,NA,
22,INFOSYS,3.25,"08 &
09.01.2010",24,15,5,8,3,8,1,5,6,
23,MEDHA SERVO DRIVE,2.4,12.01.2010,2,NA,0,NA,NA,NA,NA,NA,NA,
24,INTERGRAPH,3,28.01.2010,0,0,1,0,0,NA,1,0,NA,
25,L & T (ECC),2.7,02.02.2010,NA,NA,1,NA,1,NA,17,NA,NA,
26,"NAGARJUNA
CONSTRUCTION COMPANY LTD.",1.8,03.02.2010,NA,NA,NA,NA,NA,NA,26,NA,NA,
27,ROBERT BOSCHE,3.14,03.02.2010,1,NA,2,NA,NA,NA,NA,NA,NA,
28,JK TYRE & INDUSTRIES LTD.,4,"04.02.2010
(Off Campus)",NA,NA,NA,NA,2,NA,NA,NA,NA,
29,"CYBAGE EVOLVING
SOLUTIONS",2.4,05.02.2010,4,4,2,3,NA,NA,NA,NA,NA,
30,ZENSAR,2.1,10.02.2010,3,2,0,4,NA,NA,NA,NA,NA,
31,HUSYS CONSULTENCY,1.8,11.02.2010,NA,NA,NA,NA,NA,NA,NA,NA,NA,
32,GVK POWER LTD.,2,16.02.2010,NA,NA,0,NA,1,0,NA,NA,NA,
33,CORDYS,3.5,18.02.2009,0,0,0,0,NA,NA,NA,NA,NA,
34,IGATE,2.7,22.02.2010,3,3,2,4,1,0,NA,0,NA,
35,POKARNA GRANITES,2,23.02.2010,NA,NA,1,NA,2,1,NA,NA,NA,
36,AMAZON,10,25.02.2010,NA,4,NA,1,NA,NA,NA,NA,NA,
37,ADP,3.65,26.02.2010,4,3,0,0,0,0,0,0,0,
38,GOOGLE,3.6,02.03.2010,0,2,0,2,0,0,0,0,0,
39,FMC TECHNOLOGIES INDIA PVT.LTD.,4.8,"13.03.2010
(Off Campus)",NA,NA,NA,NA,2,NA,NA,NA,NA,
40,SOMA ENTERPRISES,1.8,15.03.2010,NA,NA,NA,NA,NA,NA,4,NA,NA,
41,JORD INTERNATIONAL PVT.LTD.,1.5,"19.03.2010
(Off Campus)",NA,NA,NA,NA,NA,NA,NA,2,NA,
42,GODREJ,3.75,20.03.2010,2,NA,0,NA,2,2,NA,NA,NA,
43,MAHINDRA & MAHINDRA,3.6,25.03.2010,NA,NA,NA,NA,NA,0,1,NA,NA,
44,"HYUNDAI MOTOR INDIA
ENGINEERING (R & D)",2.88,26.03.2010,NA,NA,NA,NA,NA,NA,NA,NA,NA,
45,SBI LIFE INSURANCE,2.5,06.04.2010,NA,NA,NA,NA,NA,NA,NA,NA,NA,
46,MORGAN STANLEY,10.5,07.04.2010,NA,0,NA,1,NA,NA,NA,NA,NA,
47,HSBC,4,"07.04.2010
(Off Campus)",3,1,0,0,NA,NA,NA,NA,NA,
48,ERICSSON,3.64,08.04.2010,1,1,NA,0,NA,NA,NA,NA,NA,
49,"EFCO MASCHINENBAU
INDIA PVT. LTD",1.8,10.04.2010,NA,NA,NA,NA,0,1,NA,NA,NA,
50,BIRLA SOFT,2.5,"12.04.2010
(Off Campus)",4,4,NA,2,NA,NA,NA,NA,NA,
51,"VERITY KNOWLEDGE
SOLUTIONS PVT.LTD.",3,12.04.2010,0,7,NA,NA,NA,NA,NA,NA,NA,
52,VIRTUSA,3,13.04.2010,1,4,0,4,NA,NA,NA,NA,NA,
53,CAPGEMINI,4,"14.04.2010
(Off Campus)",1,0,0,0,NA,NA,NA,NA,NA,
54,CMC,2.5,17.04.2010,2,2,1,1,NA,NA,NA,NA,NA,
55,MICROSOFT,10,"19.04.2010
(Off Campus)",2,NA,NA,NA,NA,NA,NA,NA,NA,
56,SONATA SOFTWARE LTD.,4.64,19.04.2010,5,0,1,0,NA,NA,NA,NA,NA,
57,UBS,3,26.04.2010,NA,NA,NA,NA,NA,NA,NA,NA,NA,
58,"E-MUG TECHNOLOGIES
PVT.LTD.",2,27.04.2010,NA,NA,NA,NA,0,2,NA,NA,NA,
59,"DST WORLD WIDE
SERVICES",3,28.04.2010,7,2,1,1,NA,NA,NA,NA,NA,
60,"MAHINDRA SATYAM (Off
Campus)",3,02.05.2010,1,2,4,2,NA,NA,NA,NA,NA,
61,"HYUNDAI MOTOR INDIA
ENGINEERING (R & D)",2.5,10.05.2010,NA,NA,NA,NA,7,5,NA,NA,NA,
62,"BHARAT ELECTRONICS
LIMITED",5,12.05.2010,1,NA,NA,NA,0,0,NA,NA,NA,
63,UNITED ONLINE,3,13.05.2010,1,0,0,0,NA,NA,NA,NA,NA,
64,WIPRO (VLSI),,20.05.2010,7,NA,0,0,NA,NA,NA,NA,NA,
65,TATA ADVANCE SYSTEMS,3.2,15.06.2010,NA,NA,NA,NA,1,1,NA,NA,NA,
66,SABMILLER,3,17.06.2010,NA,NA,NA,NA,1,0,NA,NA,NA,
67,MAHINDRA SATYAM,3,19.06.2010,NA,NA,NA,NA,2,4,NA,NA,NA,
68,"GE - ES, INDIA (INTERNSHIP)",1.2,21.06.2010,NA,NA,NA,NA,NA,NA,NA,NA,NA,
69,HYUNDAI MOTOR INDIA ENGINEERING (R & D),2.5,23.06.2010,3,0,0,0,NA,NA,NA,NA,NA,
70,BONAVEN SOFTWARE PVT.LTD.,3.5,29.06.2010,0,2,0,0,NA,NA,NA,NA,NA,
71,HEAD STRONG,4.5,"10 &
11.07.2010",0,2,1,0,0,0,0,0,0,
72,JMC PROJECTS (INDIA) LTD.,2.88,12.07.2010,NA,NA,NA,NA,NA,NA,2,NA,NA,
73,BIO GENEX,3,31.07.2010,NA,NA,1,NA,1,0,NA,NA,NA,
74,NALCO,4,11.08.2010,NA,NA,NA,NA,NA,NA,NA,1,NA,
75,FACTSET FOR MBA,1.45,13.08.2010,NA,NA,NA,NA,NA,NA,NA,NA,NA,
76,CAPITAL IQ,5.8,16.08.2010,NA,1,NA,1,NA,NA,NA,NA,NA,
77,"GE - ES, INDIA (INTERNSHIP)",1.2,24.08.2010,NA,NA,NA,NA,NA,NA,NA,NA,NA,
78,BSCPL,3,12.10.2010,NA,NA,NA,NA,NA,NA,9,NA,NA,
79,ITC,5.4,22.10.2010,NA,NA,1,NA,3,0,NA,NA,NA,
80,MAQ SOFTWARE,4.15,26.10.2010,NA,5,NA,0,NA,NA,NA,NA,NA,
81,MAHINDRA SATYAM,3.5,28.10.2010,NA,NA,1,NA,0,2,NA,NA,NA,
82,SUBEX,4.5,11.11.2010,0,1,0,0,NA,NA,NA,NA,NA,
83,FACTSET,6,12.11.2010,1,2,0,1,NA,NA,NA,NA,NA,
84,L & T,4.2,14.11.2010,NA,NA,1,NA,4,NA,10,NA,NA,
85,MICROSOFT,8.5,25.11.2010,NA,7,NA,1,NA,NA,NA,NA,NA,
86,BE BILLIMORIA CO.LTD.,3.25,26.11.2010,NA,NA,NA,NA,NA,NA,4,NA,NA,
87,MAHINDRA & MAHINDRA,4.32,16.12.2010,NA,NA,NA,NA,2,5,NA,NA,NA,
88,CTS,3.25,"17 &
18.12.2010",84,83,30,32,33,26,23,20,31,
89,INFOSYS,3.25,19.12.2010,56,49,19,20,12,11,10,4,7,
90,WIPRO,3.25,20.12.2010,11,13,3,6,2,5,5,3,2,
91,DELOITTE,4.5,21.12.2010,9,8,1,6,NA,NA,NA,NA,NA,
92,HCL TECHNOLOGIES,3.5,22.12.2010,3,12,4,5,NA,NA,NA,NA,NA,
93,CAPGEMINI,3.15,23.12.2010,10,22,8,10,11,5,5,8,3,
94,ADP,3.65,24.12.2010,2,5,0,0,NA,NA,NA,NA,NA,
95,CYBAGE,3,29.12.2010,1,3,NA,2,NA,NA,NA,NA,NA,
96,HEAD STRONG,3.5,29.12.2010,NA,NA,NA,NA,NA,NA,NA,NA,NA,
97,L & T METRO RAIL,3.3,04.01.2011,NA,NA,1,NA,2,NA,,NA,NA,
98,IDEA CELLULAR LTD.,4.25,4.012011,6,NA,NA,NA,NA,NA,NA,NA,NA,
99,ACCENTURE (OFF CAMPUS),3,07.01.2011,17,14,5,12,6,7,2,2,2,
100,PATNI COMPUTERS,"UG - 3.25
PG - 3.75",07.01.2011,3,0,3,2,NA,NA,NA,NA,NA,
101,GODREJ BOYCE,3,08.01.2011,1,0,2,NA,1,1,NA,NA,NA,
102,SYNTEL INC,2.8,09.01.2011,2,4,0,0,0,0,NA,NA,NA,
103,BANK OF AMERICA,3,10.01.2011,6,4,4,0,NA,NA,NA,NA,NA,
104,FMC TECHNOLOGIES,5.1,10.01.2011,NA,NA,NA,NA,2,NA,NA,NA,NA,
105,SONATA SOFTWARE LTD.,4.6,11.01.2011,2,5,0,0,NA,NA,NA,NA,NA,
106,INTERGRAPH,3.3,12.01.2011,3,1,0,0,0,0,0,NA,NA,
107,NAGARJUNA CONSTRUCTION COMPANY LIMITED,2,17.01.2011,NA,NA,NA,NA,NA,NA,12,NA,NA,
108,iGATE,2.7,17.01.2011,2,4,1,2,2,2,NA,NA,NA,
109,KMC CONSTRUCTIONS LTD.,2,21.01.2011,NA,NA,NA,NA,NA,NA,6,NA,NA,
110,HSBC,4,22.01.2011,0,0,0,0,1,NA,NA,NA,NA,
111,ERICSSON,4.5,24.01.2011,1,1,NA,NA,NA,NA,NA,NA,NA,
112,INFOTECH,2.7,25.01.2011,0,0,0,0,0,0,NA,NA,NA,
113,L & T INFOTECH,3.25,27.01.2011,0,0,0,0,NA,NA,NA,NA,NA,
114,QUEST GLOBAL,2.8,28.01.2011,NA,NA,NA,NA,3,6,NA,NA,NA,
115,COMPUTER SCIENCE CORPORATION,3.5,29.01.2011,0,2,NA,3,NA,NA,NA,NA,NA,
116,VIRTUSA,3,29.01.2011,1,0,0,0,NA,NA,NA,NA,NA,
117,SAP LABS,6.5,03.03.2011,NA,3,NA,1,NA,NA,NA,NA,NA,
118,HYDERABAD INDUSTRIES LTD.,5.85,23.03.2011,NA,NA,1,NA,0,0,NA,1,NA,
119,HYUNDAI MOTOR INDIA ENGINEERING (R & D),2.5,25.03.2011,NA,NA,NA,NA,6,3,NA,NA,NA,
120,BGR ENERGY,3,08.04.2011,NA,NA,0,NA,0,0,NA,NA,NA,
121,SIEMENS LTD.,4.25,20.04.2011,3,NA,2,NA,NA,NA,NA,NA,NA,
122,COCUBES,,21.04.2011,NA,NA,NA,NA,NA,NA,NA,NA,NA,
123,INDIAN OIL TANKING,3.15,27.04.2011,NA,NA,NA,NA,0,5,3,5,NA,
124,PIAGGIO VEHICLES PVT. LTD.,3.5,28.04.2011,NA,NA,NA,NA,1,0,0,0,NA,
125,RAMKY,2.4,06.05.2011,NA,NA,NA,NA,0,0,0,4,NA,
126,DUPONT SERVICES CENTRE,3.5,18.05.2011,NA,NA,NA,NA,NA,NA,NA,NA,NA,
127,MARKET TOOLS REASEARCH PVT. LTD.,2.5,21.05.2011,NA,NA,NA,NA,NA,NA,NA,NA,NA,
128,MARKET TOOLS REASEARCH PVT. LTD.,2.5,21.05.2011,NA,NA,NA,NA,NA,NA,NA,NA,NA,
129,IBM (INTERNSHIP),3,08.08.2011,NA,NA,NA,NA,NA,NA,NA,NA,NA,
130,"GE - ES, INDIA (INTERNSHIP)",2,09.08.2011,NA,NA,NA,NA,NA,NA,NA,NA,NA,
131,MICROSOFT (FTE),10.2,11.08.2011,NA,4,NA,1,NA,NA,NA,NA,NA,
132,MICROSOFT (INTERNSHIP),3,11.08.2011,NA,0,NA,1,NA,NA,NA,NA,NA,
133,GOOGLE,2.8,26.08.2011,0,2,0,0,0,0,0,0,0,
134,JP MORGAN CHASE,6.5,10.09.2011,NA,1,NA,8,NA,NA,NA,NA,NA,
135,CTS,3.35,"16 &
17.09.2011",76,79,34,35,37,25,28,35,24,
136,INFOSYS,3.25,19.09.2011,41,44,16,18,24,14,14,7,13,
137,CAPITAL IQ,5.8,20.09.2011,NA,1,NA,0,NA,NA,NA,NA,NA,
138,WIPRO,3.25,"21&
22.09.2011",53,41,16,10,11,16,16,14,11,
139,ACCENTURE,3,"23&
24.09.2011",9,7,0,9,6,3,3,1,5,
140,CAPGEMINI,3.05,26.09.2011,4,9,6,4,5,0,1,5,1,
141,MAQ,4.15,27.09.2011,NA,4,NA,1,NA,NA,NA,NA,NA,
142,CSC,3.3,28.09.2011,4,5,NA,4,NA,NA,NA,NA,NA,
143,CYBAGE,3,30.09.2011,2,1,NA,3,NA,NA,NA,NA,NA,
144,DELOITTE,4.65,10.10.2011,4,2,4,2,NA,NA,NA,NA,NA,
145,INFOTECH,3,12.10.2011,0,0,1,0,0,1,NA,NA,NA,
146,INTERGRAPH,3.5,13.10.2011,1,4,1,0,0,NA,0,NA,NA,
147,FMC TECHNOLOGIES,5.8,15.10.2011,NA,NA,NA,NA,1,0,NA,NA,NA,
148,ITC LTD,5.6,28.10.2011,NA,NA,1,NA,1,0,NA,NA,NA,
149,PEGA SYSTEMS,6,02.11.2011,4,3,0,4,NA,NA,NA,NA,NA,
150,iGATE,2.7,02.11.2011,3,1,NA,NA,1,1,NA,NA,NA,
151,"MEGHA ENGINEERING &
INFRASTRUCTURES LTD.",1.44,10.11.2011,NA,NA,NA,NA,NA,NA,8,NA,NA,
152,GMR,3.5,14.11.2011,0,0,1,1,0,NA,NA,NA,NA,
153,L& T (ECC) LTD,4.5,16.11.2011,NA,NA,2,NA,7,NA,10,NA,NA,
154,ADP,3.65,21.11.2011,1,3,1,0,NA,NA,NA,NA,NA,
155,BAJAJ FINANCE SERVICE LTD,2.25,25.11.2011,NA,NA,NA,NA,NA,NA,NA,NA,NA,
156,ICICI SECURITIES,2.25,30.11.2011,NA,NA,NA,NA,NA,NA,NA,NA,NA,
157,L & T IES,2.4,04.12.2011,5,NA,1,NA,4,5,NA,NA,NA,
158,MAHINDRA & MAHINDRA,6,15.12.2011,NA,NA,NA,NA,NA,NA,NA,NA,NA,
159,AAS TECHNOLOGIES,1.8,16.12.2011,NA,NA,NA,NA,NA,NA,NA,NA,NA,
160,NETRIPPLES,3.44,29.12.2011,NA,NA,NA,NA,NA,NA,NA,NA,NA,
161,KARUR VYSYA BANK,4.5,02.01.2012,0,0,0,0,0,0,0,0,1,
162,TATA ADVANCED SYSTEMS,3,06.01.2012,NA,NA,NA,NA,2,1,NA,NA,NA,
163,"CII-Sohrabji Godrej Green Business
Centre",2.5,06.01.2012,NA,NA,NA,NA,0,NA,2,NA,NA,
164,SYNTEL INC,2.8,07.01-2012,0,0,0,0,0,0,0,0,0,
165,IGATE PATNI,2.7,16.01.2012,1,0,0,2,0,1,0,NA,NA,
166,PIAGGIO,2.4,19.01.2012,NA,NA,NA,NA,2,1,NA,NA,NA,
167,HDFC STANDARD LIFE INSURANCE,2,02.02.2012,NA,NA,NA,NA,NA,NA,NA,NA,NA,
168,HUSYS,1.6,02.04.2012,NA,NA,NA,NA,NA,NA,NA,NA,NA,
169,BHARATH ELECTRONICS LIMITED,6,05.02.2012,1,NA,NA,NA,0,NA,NA,NA,NA,
170,HYDERABAD INDUSTRIES LTD,5.6,06.02.2012,NA,NA,0,NA,2,0,0,1,NA,
171,BANK OF AMERICA,3,08.02.2012,1,2,1,1,0,0,NA,NA,NA,
172,ANAND AUTOMOTIVE LTD,4.15,21.02.2012,NA,NA,NA,NA,1,0,NA,NA,NA,
173,WELLS FARGO,5,17.03.2012,7,7,1,3,1,0,0,2,0,
174,IBM TECH SUPPORT,3.25,29.03.2012,0,0,0,0,0,1,0,0,0,
175,AMAZON,4.2,09.04.2012,NA,2,NA,0,NA,NA,NA,NA,NA,
176,IDEA CELLULAR,4.25,12.04.2012,4,NA,NA,NA,NA,NA,NA,NA,NA,
177,CSC FOR MBA-FINANCE,3.2,13.04.2012,NA,NA,NA,NA,NA,NA,NA,NA,NA,
178,FL SMIDTH PVT LTD,4.5,17.04.2012,NA,NA,NA,NA,NA,NA,NA,NA,NA,
179,ASAIN PAINTS,5,19.04.2012,NA,NA,0,NA,1,0,NA,NA,NA,
180,CSC FOR MBA - FINANCE,3.2,19.04.2012,NA,NA,NA,NA,NA,NA,NA,NA,NA,
181,CADEPLOY,1.2,10.05.2012,NA,NA,NA,NA,1,2,2,NA,NA,
182,24x7 HEADHUNTING,1.8,15.05.2012,0,2,0,0,0,0,0,NA,NA,
183,HINDUSTAN UNILEVER,5.3,19.06.2012,NA,NA,0,NA,NA,1,NA,NA,NA,
184,SMS COUNTRY,1.2,25.06.2012,NA,NA,NA,NA,NA,NA,NA,NA,NA,
185,IDEAL INDUSTRIAL EXPLOSIVE LTD.,1.2,26.062012,NA,NA,NA,NA,NA,NA,NA,3,NA,
186,ORACLE (ITERNSHIP),1.44,13.07.2012,NA,NA,NA,NA,NA,NA,NA,NA,NA,
187,ROBERT BOSCH,3.5,09.08.2012,13,NA,7,NA,NA,NA,NA,NA,NA,
188,MAHINDRA & MAHINDRA,5.1,14.08.2012,NA,NA,NA,NA,5,1,NA,NA,NA,
189,GOOGLE,5.7,07.08.2012,0,1,0,0,1,0,0,0,0,
190,ITCLTD,5.6,24.08.2012,NA,NA,0,NA,2,1,NA,NA,NA,
191,DELOITTE,4.6,25.08.2012,4,13,2,6,NA,NA,NA,NA,NA,
192,GE HOME AND BUSINESS SOLUTIONS(INTERNSHIP),1.8,27.08.2012,NA,NA,NA,NA,NA,NA,NA,NA,NA,
193,MICROSOFT (MSIT),10.5,28.08.2012,NA,2,NA,0,NA,NA,NA,NA,NA,
194,MICROSOFT (INTERNSHIP),3,28.08.2012,NS,3,NS,1,NA,NA,NA,NA,NA,
195,JP MORGAN CHASE,5,01.09.2012,NA,4,NA,3,NA,NA,NA,NA,NA,
196,COGNIZANT,3.35,07.09.2012,50,54,18,21,17,21,14,20,15,
197,FMC TECHNOLOGIES,6,14.09.2012,NA,NA,NA,NA,0,2,NA,NA,NA,
198,INFOSYS,3.25,15.09.2012,30,18,7,5,9,9,4,4,9,
199,WIPRO,3.25,18.09.2012,45,39,17,10,10,1,6,8,6,
200,GE-ENERGY (INTERNSHIP),2.4,18.09.2012,NA,NA,NA,NA,NA,NA,NA,NA,NA,
201,CAPGEMINI,3.05,21.09.2012,4,9,1,1,2,6,4,3,2,
202,CAPITAL IQ,5,28.09.2012,NA,6,NA,0,NA,NA,NA,NA,NA,
203,CADEPLOY,1.2,28.09.2012,NA,NA,NA,NA,NA,NA,5,NA,NA,
204,NET. ORANGE TECHNOLOGIES PVT LTD,4,08.10.2012,NA,3,NA,0,NA,NA,NA,NA,NA,
205,HCL TECHNOLOGIES,3.5,10.10.2012,2,3,0,6,NA,NA,NA,NA,NA,
206,DELL,3,15.10.2012,NA,5,NA,3,NA,NA,NA,NA,NA,
207,INTERGRAPH,3.5,18.10.2012,1,1,0,1,2,1,1,NA,NA,
208,csc,3.27,05.11.2012,3,5,0,8,NA,NA,NA,NA,NA,
209,DELL ENGINEERING SERVICESES,3,"6 &
07.11.2012",NA,NA,NA,NA,3,2,NA,NA,NA,
210,VERIZON,3.5,18.11.2012,1,1,0,1,NA,NA,NA,NA,NA,
211,CA TECHNOLOGIES,5,20.11.2012,2,2,1,1,NA,NA,NA,NA,NA,
212,DELOITTE (DSA),4.64,03.12.2012,NA,NA,NA,NA,NA,NA,NA,NA,NA,
213,LIC - LIFE PLUS,1.8,03.12.2012,4,2,2,6,1,2,4,8,3,
214,L & T CONSTRUCTION,4.5,06.12.2012,0,NA,4,NA,3,NA,9,0,NA,
215,ORIENT CEMENTS LTD.,3.75,04.01.2013,NA,NA,1,NA,2,NA,4,4,NA,
216,UNITED SPIRITS,4.5,10.01.2013,NA,NA,NA,NA,NA,1,NA,2,NA,
217,PEGA SYSTEMS,7,17.01.2013,NA,0,NA,1,NA,NA,NA,NA,NA,
218,BRITISH PAINTS,2.75,21.01.2013,NA,NA,NA,NA,NA,NA,NA,1,NA,
219,BANK OF AMERICA,3.5,22.01.2013,5,5,1,1,NA,NA,NA,NA,NA,
220,KOTAK SECURITIES LTD,2,23.01.2013,NA,NA,NA,NA,NA,NA,NA,NA,NA,
221,TIBCO SOFTWARE,5,24.01.2013,NA,4,NA,2,NA,NA,NA,NA,NA,
222,MEGH ENGINEERING INFRASTRUCTURE LTD,3.1,24.01.2013,NA,NA,NA,NA,NA,NA,2,NA,NA,
223,PROCESS MAP,3.2,29.01.2013,NA,2,NA,0,NA,NA,NA,NA,NA,
224,VERITY KNOWLEDGE SOLUTIONS PVT. LTD.,3.15,31.01.2013,NA,NA,NA,NA,NA,NA,NA,NA,NA,
225,COGNIZANT,1.8,05.02.2013,NA,NA,NA,NA,NA,NA,NA,NA,NA,
226,HDFC LIFE,2,08.02.2013,NA,NA,NA,NA,NA,NA,NA,NA,NA,
227,WELLS FARGO,5,16 &17.02.2013,2,2,0,0,2,0,2,5,NA,
228,ICICI SECURITIES,2.5,21.02.2013,NA,NA,NA,NA,NA,NA,NA,NA,NA,
229,HARVEST FUTURES CONSULTANTS,1.5,22.02.2013,NA,NA,NA,NA,NA,NA,NA,NA,NA,
230,NETCRACKER,4.5,"06 &
07.03.2013",3,3,NA,0,NA,NA,NA,NA,NA,
231,MEDHA SERVO DRIVE,3,09.03.2013,1,NA,0,NA,NA,NA,NA,NA,NA,
232,FACE,"B.D. - 5.0 &
Trainee-3.0",20.03.2013,0,3,0,0,5,0,1,3,1,
233,ASTER BUILDING SOLUTIONS PVT. LTD.,3,28.03.2013,NA,NA,NA,NA,0,NA,1,NA,NA,
234,INUIT TECHNOLOGY,3.5,"17 &
18.04.2013",9,4,1,4,0,0,0,1,1,
235,SAMSUNG,6.1,18.05.2013,0,2,NA,1,NA,NA,NA,NA,NA,
236,MOLD-TEK TECHNOLOGIES,1.8,18.05.2013,NA,NA,NA,NA,0,NA,1,NA,NA,
237,EUREKA FORBES,1,20.05.2013,NA,NA,NA,NA,NA,NA,NA,NA,NA,
238,CHANNELPLAY LTD,2.4,25.06.2013,NA,NA,NA,NA,NA,NA,NA,NA,NA,
239,GE INDIA TECHNOLOGIES PVT LTD,2.4,03.07.2013,NA,NA,NA,NA,NA,NA,NA,NA,NA,
240,TATA PROJECTS LTD,4.5,05.07.2013,NA,NA,1,NA,1,NA,2,1,NA,
241,SONATA SOFTWARE,4.3,05.07.2013,0,2,0,0,NA,NA,NA,NA,NA,
242,PYRO NETWORKS,2.75,05.07.2013,0,1,NA,NA,NA,NA,NA,NA,NA,
243,L & T CONSTRUCTION,4.5,07.07.2013,NA,NA,NA,NA,NA,NA,NA,NA,NA,
244,MICROSOFT,11,"12 &
13.07.2013",NA,2,NA,1,NA,NA,NA,NA,NA,
245,GOOGLE,6,17.07.2013,0,0,0,1,0,0,0,0,0,
246,MAHINDRA & MAHINDRA,5.5,25.07.2013,NA,NA,NA,NA,0,1,NA,NA,NA,
247,DELOITTE,4.5,31.07.2013,9,10,0,8,NA,NA,NA,NA,NA,
248,J P MORGAN CHASE,6,08.08.2013,NA,NA,NA,2,NA,NA,NA,NA,NA,
249,FACTSET,6,13.08.2013,0,2,0,1,NA,NA,NA,NA,NA,
250,MICROSOFT,11,"13 &
14.08.2013",NA,2,NA,3,NA,NA,NA,NA,NA,
251,MICROSOFT INTERNSHIP,3,"13 &
14.08.2013",NA,3,NA,3,NA,NA,NA,NA,NA,
252,J P MORGAN CHASE,6,23.08.2013,NA,3,NA,2,NA,NA,NA,NA,NA,
253,ITC LTD,8,"02 &
03.09. 2013",NA,NA,1,NA,2,NA,NA,NA,NA,
254,FUTURES FIRST,8.75,"04 &
05.09.2013",0,0,0,0,1,0,0,0,0,
255,ELGI EQUIPMENTS LIMITED,3,11.09.2013,NA,NA,NA,NA,1,NA,NA,NA,NA,
256,CTS,3.35,"13 &
14.09.2013",56,41,21,15,13,7,11,12,8,
257,FCS,5,15.09.2013,1,3,NA,0,NA,NA,NA,NA,NA,
258,CAPITAL IQ,5.5,16.09.2013,NA,3,NA,0,NA,NA,NA,NA,NA,
259,INFOSYS,3.35,"19 &
20.09.2013",63,57,17,16,13,15,22,15,18,
260,HUL,5.53,20.09.2013,NA,NA,0,NA,1,NA,NA,NA,NA,
261,WIPRO,3.35,"23 &
24.09.2013",30,10,11,4,8,2,5,7,2,
262,MICROSOFT-GFS INTERNSHIP,3,19.09.2013,NA,2,NA,1,NA,NA,NA,NA,NA,
263,CAPGEMINI,3,25.09.2013,5,5,6,2,3,4,3,1,NA,
264,FMC TECHNOLOGIES,6,27.09.2013,NA,NA,NA,NA,1,1,NA,NA,NA,
265,CYBAGE,3,28.09.2013,5,1,NA,0,NA,NA,NA,NA,NA,
266,IGATE,3.25,04.10.2013,9,6,3,2,NA,NA,NA,NA,NA,
267,HSBC,4,09.10.2013,0,0,0,0,0,1,NA,NA,NA,
268,CTS-MBA-FINANCE,2.5,07.12.2013,NA,NA,NA,NA,NA,NA,NA,NA,NA,
269,PEGA SYSTEMS,6,11.12.2013,1,7,NA,0,NA,NA,NA,NA,NA,
270,"SATYAM VENTURE ENGINEERING
SERVICES PVT LTD",2.1,13.12.2013,NA,NA,NA,NA,4,1,NA,NA,NA,
271,TECH MAHINDRA,3,16.12.2013,5,0,1,1,0,1,1,1,3,
272,INTERGRAPH,3.7,18.12.2013,NA,2,NA,0,3,0,0,NA,NA,
273,BANK OF AMERICA,3.75,21.12.2013,2,4,1,1,1,0,NA,NA,NA,
274,MUSIGMA,4.5,20.12.2013,NA,3,NA,2,NA,NA,NA,NA,NA,
275,CA TECHNOLOGIES,5.5,"03 &
04.01.2014",NA,3,NA,2,NA,NA,NA,NA,NA,
276,TATA ADVANCED SYSTEMS LTD.,3.93,04.01.2014,NA,NA,NA,NA,1,1,NA,NA,NA,
277,BROADCOM - INTERNSHIP,2.4,06.01.2014,NA,NA,NA,NA,NA,NA,NA,NA,NA,
278,WELLS FARGO,5.2,"06 &
07.01.2014",8,6,2,2,1,3,1,2,NA,
279,GODREJ & BOYCE MFG. CO. LTD,5,07.01.2014,NA,NA,NA,NA,1,0,NA,NA,NA,
280,BACKOFFICE ASSOCIATES,4.5,09.01.2014,4,0,NA,0,NA,NA,NA,NA,NA,
281,CSC,3.27,09.01.2014,2,2,0,1,NA,NA,NA,NA,NA,
282,AVAYA - INTERNSHIP,2.4,09.01.2014,NA,NA,NA,NA,NA,NA,NA,NA,NA,
283,ORACLE -(UGBU),6,21.01.2014,2,2,NA,1,NA,NA,NA,NA,NA,
284,ORACLE -(CGBU),7.5,21.01.2014,1,0,0,2,NA,NA,NA,NA,NA,
285,99ACRES.COM,5,22.01.2014,NA,NA,NA,NA,NA,NA,NA,NA,NA,
286,VERIZON,4.5,"29 &
30.01.2014",2,6,0,0,NA,NA,NA,NA,NA,
287,ORIENT CEMENT,3.75,"30 &
31.01.2014",0,NA,2,NA,5,NA,NA,2,NA,
288,Dr. REDDY'S LABORATORIES LTD,4,03.02.2014,NA,NA,NA,NA,NA,NA,NA,1,NA,
289,DEFTEAM SOLUTIONS PVT. LTD.,3,"05 &
06.02.2014",NA,NA,NA,NA,NA,NA,NA,NA,NA,
290,JARO EDUCATION,4.5,08.02.2014,NA,NA,NA,NA,NA,NA,NA,NA,NA,
291,INFOTECH ENTERPRISES LTD,2.75,12.02.2014,NA,NA,NA,NA,2,NA,NA,NA,NA,
292,SNEHADEEP FINANCIAL,2,19.02.2014,NA,NA,NA,NA,NA,NA,NA,NA,NA,
293,A and M Signalling Services Pvt. Ltd.,2.5,24.02.2014,10,NA,0,NA,NA,NA,NA,NA,NA,
294,ISERVICEGLOBE,3,12.03.2014,NA,0,NA,0,NA,NA,NA,NA,NA,
295,PYRO GROUP,3,27.03.2014,1,0,NA,0,NA,NA,NA,NA,NA,
296,GODREJ & BOYCE MFG. CO. LTD,3.6,05.04.2014,3,NA,NA,NA,NA,NA,NA,NA,NA,
297,AARVE ASSOCIATES,3.3,13.04.2014,NA,NA,NA,NA,NA,NA,2,NA,NA,
298,K TREE SOLUTIONS,2.4,24.04.2014,NA,NA,NA,NA,NA,NA,NA,NA,NA,
299,NAVJYOTHI COMMODITES,3,26.04.2014,NA,NA,NA,NA,NA,NA,NA,NA,NA,
300,SAMSUNG R &D,6.5,10.05.2014,NA,3,NA,0,NA,NA,NA,NA,NA,
301,INVESCO LTD,2.25,17.05.2014,NA,NA,NA,NA,NA,NA,NA,NA,NA,
302,GE-BHEL,3.5,21.05.2014,NA,NA,NA,NA,3,NA,NA,NA,NA,
303,TIBCO,5,23.05.2014,NA,6,NA,0,NA,NA,NA,NA,NA,
304,HYDERABAD INDUSTRIES LTD.,4.5,02.07.2014,NA,NA,1,NA,2,0,NA,NA,NA,
305,PROGRESS SOFTWARE-INTERNSHIP,2.4,03.07.2014,NA,NA,NA,NA,NA,NA,NA,NA,NA,
306,DELOITTE,5.2,01.08.2014,11,10,5,6,NA,NA,NA,NA,NA,
307,DELOITTE (INTERNSHIP),1.8,01.08.2014,NA,4,NA,2,NA,NA,NA,NA,NA,
308,ORACLE (CGBU,8,06.08.2014,0,3,0,1,NA,NA,NA,NA,NA,
309,ORACLE (PGBU),8,07.08.2014,1,1,0,0,NA,NA,NA,NA,NA,
310,JPMORGAN CHASE,6,08.08.2014,NA,2,NA,1,NA,NA,NA,NA,NA,
311,MICROSOFT(MSIT),12,08.08.2014,NA,3,NA,2,NA,NA,NA,NA,NA,
312,MICROSOFT(FTP),12,13.08.2014,NA,2,NA,1,NA,NA,NA,NA,NA,
313,MICROSOFT(INTERNSHIP),3,13.08.2014,NA,4,NA,0,NA,NA,NA,NA,NA,
314,ITC,8.5,31.08.2014,NA,NA,0,NA,1,0,NA,NA,NA,
315,FACTSET,6,03.09.2014,NA,1,NA,1,NA,NA,NA,NA,NA,
316,COGNIZANT,3.35,06.09.2014,48,41,14,16,14,8,18,13,10,
317,INFOSYS,3.35,12.09.2014,68,39,17,19,17,9,19,20,8,
318,Verity Knowledge Solutions,3.6,15.09.2014,NA,NA,NA,NA,NA,NA,NA,NA,NA,
319,WIPRO,3.35,17.09.2014,49,35,8,26,7,4,15,3,4,
320,ACCENTURE,3,19.09.2014,70,46,22,23,18,22,36,22,19,
321,TECHMAHINDRA,3,23.09.2014,2,6,2,1,2,1,0,0,0,
322,CAPGEMINI,3,26.09.2014,1,2,2,2,1,1,4,NA,NA,
323,CYBAGE,3,27.09.2014,3,8,NA,3,NA,NA,NA,NA,NA,
324,ALLIANCE GLOBAL SERVICES,4,30.09.2014,4,3,NA,1,NA,NA,NA,NA,NA,
325,MICROSOFT - GFS,12,06.10.2014,NA,2,NA,0,NA,NA,NA,NA,NA,
326,CA TECHNOLOGIES,5.5,08.10.2014,0,0,0,1,NA,NA,NA,NA,NA,
327,IGATE,3,09.10.2014,7,3,0,2,NA,NA,NA,NA,NA,
328,JPMORGAN CHASE,5.25,10.10.2014,NA,11,NA,6,NA,NA,NA,NA,NA,
329,NCR CORPORATION,4,16.10.2014,NA,3,NA,2,NA,NA,NA,NA,NA,
330,VERIZON,4.5,17.10.2014,7,2,2,1,NA,NA,NA,NA,NA,
331,HEXAGON,4.3,20.10.2014,NA,2,NA,0,1,1,0,NA,NA,
332,CYIENT,2.75,27.10.2014,NA,NA,NA,NA,4,1,NA,NA,NA,
333,L & T INFOTECH (OFF CAMPUS),3,01.11.2014,0,0,NA,0,NA,NA,NA,NA,NA,
334,FORD,5.5,07.11.2014,4,NA,2,1,NA,NA,NA,NA,NA,
335,SATYAM VENTURE ENGINEERING SERVICES PVT LTD,2.1,18.11.2014,NA,NA,NA,NA,1,1,NA,NA,NA,
336,JARO EDUCATION,5.46,18.11.2014,NA,NA,NA,NA,NA,NA,NA,NA,NA,
337,CSC,3.4,01.12.2014,1,0,0,1,NA,NA,NA,NA,1,
338,CAPITAL IQ,6.57,03.12.2014,NA,0,NA,1,NA,NA,NA,NA,NA,
339,GODREJ,5,06.12.2014,1,NA,NA,NA,2,0,NA,NA,NA,
340,MENTOR GRAPHICS - INTERNSHIP,2.4,05.12.2014,NA,NA,NA,NA,NA,NA,NA,NA,NA,
341,DEFTEAM,3.25,10.12.2014,NA,NA,NA,NA,NA,NA,NA,NA,NA,
342,AVAYA - INTERNSHIP,2.4,11.12.2014,NA,NA,NA,NA,NA,NA,NA,NA,NA,
343,HIL,4.5,02.01.205,NA,NA,NA,NA,2,2,NA,NA,NA,
344,SIA EDUGROUP,1.8,02.01.2015,NA,NA,NA,NA,NA,NA,NA,NA,NA,
345,BANK OF AMERICA,3.75,09.01.2015,7,12,0,1,0,0,NA,NA,NA,
346,BROADCOM - INTERNSHIP,3.84,20.01.2015,NA,NA,NA,NA,NA,NA,NA,NA,NA,
347,RAMKY GROUP,2.4,21.01.2015,NA,NA,NA,NA,NA,NA,NA,NA,NA,
348,WELLS FARGO,5.5,22.01.2015,2,3,1,2,2,3,3,3,NA,
349,ADTRAN NETWORKS - INTERNSHIP,2.4,10.02.2015,NA,NA,NA,NA,NA,NA,NA,NA,NA,
350,AUROBINDO PHARMA LTD,3.6,11.02.2015,NA,NA,NA,NA,2,0,NA,2,NA,
351,PRIMESOFT SOLUTIONS,4,16.02.2015,NA,0,NA,2,NA,NA,NA,NA,NA,
352,ICICI SECURITIES,3.5,19.02.2015,NA,NA,NA,NA,NA,NA,NA,NA,NA,
353,NEUDESIC,3.25,20.02.2015,0,1,0,0,0,2,0,0,0,
354,KIDSTOBY PRE-SCHOOL CHAIN,2.4,27.02.2015,NA,NA,NA,NA,NA,NA,NA,NA,NA,
355,RANE GROUP,3.5,04.03.2015,NA,NA,NA,NA,2,1,NA,NA,NA,
356,THINK TANKERS,5,20.03.2015,1,0,0,0,0,0,0,0,0,
357,THINK TANKERS  - INTERNSHIP,1.8,20.03.2015,3,3,0,3,0,0,0,0,0,
358,VALUE LABS,1.8,31.03.2015,NA,NA,NA,NA,NA,NA,NA,NA,NA,
359,VISA INC,7.0,07.4.2015,3,3,1,NA,NA,NA,NA,NA,NA,
360,STRATAGEM SOLUTIONS,2.0,08.4.2015,NA,NA,NA,NA,NA,NA,NA,NA,NA,
361,NEKTAR THERAPEUTICS,2.0,09.4.2015,NA,NA,NA,NA,NA,NA,NA,NA,NA,
362,"APOORVA IT SOLUTIONS PVT. LTD.,",2.0,13.4.2015,NA,NA,NA,NA,NA,NA,NA,NA,NA,
363,NAYAN HARDWARE PVT LTD.,3.6,17.4.2015,0,NA,0,NA,1,0,1,NA,NA,
364,CAPITAL IQ,6.0,27.4.2015,NA,1,NA,0,NA,NA,NA,NA,NA,
365,ELECTRONICS ARTS - INTERNSHIP,2.2,19.5.2015,0,2,NA,0,NA,NA,NA,NA,NA,
366,EHELIUM,2.0,21.5.2015,NA,NA,NA,NA,NA,NA,NA,NA,NA,
367,RIKTAM - INTERNSHIP,0.72,08.6.2015,NA,3,NA,NA,NA,NA,NA,NA,NA,
368,"PROGRESS SOFTWARE -
INTERNSHIP",1.8,08.5.2015,NA,2,NA,2,NA,NA,NA,NA,NA,
369,Sunera Technologies Pvt. Ltd.,2.0,27.6.2015,NA,NA,NA,NA,NA,NA,NA,NA,NA,
370,ORACLE,7.5,07.7.2015,1,9,0,4,NA,NA,NA,NA,NA,
371,DUPONT - INTERNSHIP,3.0,07.7.2015,NA,NA,NA,NA,NA,NA,NA,NA,NA,
372,HEXAGON - INTERNSHIP,2.4,09.7.2015,NA,NA,NA,NA,NA,NA,NA,NA,NA,
373,HYUNDAI,3.25,17.7.2015,NA,NA,NA,NA,1,1,NA,NA,NA,
374,RIKTAM,4.2,15.6.2015,NA,1,NA,NA,NA,NA,NA,NA,NA,
375,DELOITTE,6.2,03.8.2015,8,19,NA,7,NA,NA,NA,NA,NA,
376,JP MORGAN (CODE FOR GOOD),6.3,31.7.2015,NA,5,NA,6,NA,NA,NA,NA,NA,
377,NCR CORPORATION,5.5,14.8.2015,NA,5,NA,0,NA,NA,NA,NA,NA,
378,ACCOLITE,10.0,17.8.2015,NA,1,NA,0,NA,NA,NA,NA,NA,
379,"Unistring Tech Solutions Pvt Ltd,
(INTERNSHIP)",0.96,22.6.2015,NA,NA,NA,NA,NA,NA,NA,NA,NA,
380,COGNIZANT,3.35,05.9.2015,60,32,20,11,29,8,18,6,6,
381,INFOSYS,3.28,08.9.2015,82,32,23,12,37,17,27,12,13,
382,WIPRO,3.35,12.9.2015,82,37,29,24,38,12,3,2,0,
383,ACCENTURE,3.5,15.9.2015,101,57,38,25,58,29,42,27,16,
384,CAPGEMINI,3.15,20.9.2015,7,2,2,1,2,0,6,0,0,
385,DELOITTE TAX (MBA),5.8,18.9.2015,NA,NA,NA,NA,NA,NA,NA,NA,NA,
386,MYCLASSBOARD (MBA),2.5,16.9.2015,NA,NA,NA,NA,NA,NA,NA,NA,NA,
387,ZOMATO,12.0,14.9.2015,NA,1,NA,0,NA,NA,NA,NA,NA,
388,HUL,7.0,30.9.2015,NA,NA,1,NA,0,NA,NA,NA,NA,
389,CALLIDUS CLOUD,6.0,10.3.2015,NA,2,NA,2,NA,NA,NA,NA,NA,
390,UURMI SYSTEMS (INTERNSHIP),1.0,10.5.2015,NA,NA,NA,NA,NA,NA,NA,NA,NA,
391,HYUNDAI MOBIS,3.63,06.10.2015,0,0,0,1,NA,NA,NA,NA,NA,
392,HEXAGON,4.75,14.10.2015,NA,1,0,1,2,0,0,NA,NA,
393,PEGA SYSTEMS,7.13,16.10.2015,5,3,NA,1,NA,NA,NA,NA,NA,
394,JP MORGAN,6.7,03.11.2015,NA,6,NA,2,NA,NA,NA,NA,NA,
395,HSBC,7.0,17.10.2015,1,0,0,0,NA,NA,NA,NA,NA,
396,CDK GLOBAL,4.5,29.10.2015,0,7,NA,0,NA,NA,NA,NA,NA,
397,FMC Technology,5.53,12.11.2015,NA,NA,NA,NA,3,0,NA,NA,NA,
398,CA TECHNOLOGY,5.15,17.11.2015,NA,2,NA,0,NA,NA,NA,NA,NA,
399,INVESO  (MBA),3.3,18.11.2015,NA,NA,NA,NA,NA,NA,NA,NA,NA,
400,Next Education Indian Pvt Ltd.,5.0,23.11.2015,1,6,0,0,NA,NA,NA,NA,NA,
401,Verity Knowledge Solutions(MBA),3.5,26.11.2015,NA,NA,NA,NA,NA,NA,NA,NA,NA,
402,L&T METRO RAIL,4.0,09.10.2015,2,1,0,0,1,NA,NA,NA,NA,
403,"Riktam Technology Consulting
Pvt. Ltd",4.2,23.12.2015,NA,3,NA,0,NA,NA,NA,NA,NA,
404,Thinktankers Internship,4.5,05.1.2016,NA,7,NA,3,NA,NA,NA,NA,NA,
405,Bank of America,3.75,06.1.2016,6,4,3,1,1,1,0,0,0,
406,United Health Group (UHG),3.6,09.1.2016,3,1,0,0,NA,NA,NA,NA,NA,
407,ATOS,2.8,18.1.2016,1,1,0,0,NA,NA,NA,NA,NA,
408,INSPIRAGE,4.5,19.1.2016,1,1,NA,0,NA,NA,NA,NA,NA,
409,HIL,4.5,22.1.2016,NA,NA,NA,NA,2,NA,NA,NA,NA,
410,MRF MBA,3.9,27.1.2016,NA,NA,NA,NA,NA,NA,NA,NA,NA,
411,Biological E.Limited,1.8,21.1.2016,NA,NA,NA,NA,NA,NA,NA,NA,2,
412,Deloitte Intern,3.0,21.1.2016,NA,1,NA,3,NA,NA,NA,NA,NA,
413,GRAND TOTAL,,,364,258,117,106,175,68,97,47,37,
414,Thinktankers (Internship),1.5,05.1.2016,NA,7,NA,3,NA,NA,NA,NA,NA,
415,Deloitte (Internship),0.25,21.1.2016,NA,3,NA,1,NA,NA,NA,NA,NA,
416,Biological E. Limited,1.5,21.1.2016,NA,NA,NA,NA,NA,NA,NA,NA,2,
417,INSPIRAGE,4.5,19.1.2016,1,1,NA,0,NA,NA,NA,NA,NA,
418,Value Labs,2.7,31.1.2016,NA,1,NA,0,NA,NA,NA,NA,NA,
419,Factset,6.5,15.2.2016,NA,2,NA,0,NA,NA,NA,NA,NA,
420,Oracle,7.5,18.2.2016,1,1,0,1,NA,NA,NA,NA,NA,
421,Heterodrugs (MBA),2.4,20.2.2016,NA,NA,NA,NA,NA,NA,NA,NA,NA,
422,HUAWEI,7.4,20.2.2016,2,5,NA,1,NA,NA,NA,NA,NA,
423,Babycell  (BioTech & MBA),7.8,24.2.2016,NA,NA,NA,NA,NA,NA,NA,0,4,
424,Godrej & Boyce Mfg. Co. Ltd,5.5,27.2.2016,NA,NA,NA,NA,1,0,NA,NA,NA,
425,Samsung,7.5,08.3.2016,NA,3,NA,1,NA,NA,NA,NA,NA,
426,Pernod -Ricard India Pvt Ltd,4.0,25.2.2016,NA,NA,0,NA,3,0,NA,NA,NA,
427,Kent RO Systems Ltd.,4.2,05.3.2016,NA,NA,NA,NA,NA,NA,NA,NA,NA,
428,Aurobindo Pharma (Chemical),3.6,11.3.2016,NA,NA,NA,NA,NA,NA,NA,4,NA,
429,Bonaven Software Pvt.Ltd,4.0,31.3.2016,NA,1,NA,1,NA,NA,NA,NA,NA,
430,Orient Cements,4.0,06.4.2016,NA,NA,1,NA,2,1,0,0,NA,
431,GE India Technology,5.8,16.4.2016,NA,3,NA,1,NA,NA,NA,NA,NA,
432,Dr.Reddy's Labs,4.0,20.4.2016,NA,NA,NA,NA,NA,NA,NA,NA,2,
433,BEL  (Bharat Electronics Limited),7.5,23.4.2016,3,NA,NA,NA,NA,NA,1,NA,NA,
434,Technoforce Solutions Pvt Ltd,4.5,05.5.2016,NA,NA,NA,NA,NA,NA,NA,1,NA,
435,Infor,3.4,18.5.2016,NA,NA,NA,NA,NA,NA,NA,NA,NA,
436,Aurobindo Pharma (Mechanical),3.6,23.5.2016,NA,NA,NA,NA,4,NA,NA,NA,NA,
437,Progress Software Internship,0.2,02.5.2016,NA,1,NA,1,NA,NA,NA,NA,NA,
438,Commscope Internship,0.2,30.5.2016,NA,5,NA,1,NA,NA,NA,NA,NA,
439,AMAZON  (Pooled),12.0,10.6.2016,NA,4,NA,NA,NA,NA,NA,NA,NA,
440,ARECESIUM (DESHAW) (Pooled),15,15.6.2016,NA,4,NA,1,NA,NA,NA,NA,NA,
441,JP Morgan Code for Good,6.3,08.7.2016,NA,10,NA,3,NA,NA,NA,NA,NA,
442,Oracle GBU,9.0,28.7.2016,0,9,0,7,NA,NA,NA,NA,NA,
443,Deloitte,6.25,03.8.2016,6,11,3,3,NA,NA,NA,NA,NA,
444,Microsoft,9.78,05.8.2016,NA,6,NA,2,NA,NA,NA,NA,NA,
445,PEGA Systems,8.13,08.8.2016,NA,5,NA,5,NA,NA,NA,NA,NA,
446,Next Education Solutions,5.0,09.8.2016,1,7,NA,0,NA,NA,NA,NA,NA,
447,Wells Fargo,5.5,11.8.2016,2,9,NA,1,NA,NA,NA,NA,NA,
448,ITC,8.2,19.8.2016,NA,NA,0,NA,2,0,NA,NA,NA,
449,NCR Corporation,5.5,26.8.2016,7,10,NA,5,NA,NA,NA,NA,NA,
450,Cognizant,3.5,02.9.2016,58,38,24,13,20,3,12,9,2,
451,Capgemini (Internship),0.12,08.2.2016,NA,NA,NA,NA,NA,NA,NA,NA,NA,
452,Infosys,3.28,04.9.2016,63,41,23,7,30,9,19,12,5,
453,Infosys Pega Drive,4.45,07.9.2016,NA,12,NA,6,NA,NA,NA,NA,NA,
454,Wipro,3.3,10.9.2016,48,31,26,17,28,6,6,3,3,
455,DELOITTE TAX (MBA),6.2,13.9.2016,NA,NA,NA,NA,NA,NA,NA,NA,NA,
456,Accenture,3.5,14.9.2016,94,74,41,23,31,15,24,17,18,
457,ION Trading,12,18.9.2016,NA,1,NA,0,NA,NA,NA,NA,NA,
458,PERVACIO,12,20.9.2016,0,3,NA,0,NA,NA,NA,NA,NA,
459,ZENSAR Pega Drive,5,20.9.2016,NA,3,NA,2,NA,NA,NA,NA,NA,
460,HYUNDAI,3.5,21.9.2016,NA,NA,NA,NA,NA,NA,NA,NA,NA,
461,Capgemini,3.5,23.9.2016,26,10,10,2,NA,NA,NA,NA,NA,
462,TCS Pega Drive,4.5,26.9.2016,NA,18,NA,8,NA,NA,NA,NA,NA,
463,iBgroup (Pooled),18,26.9.2016,NA,1,1,NA,NA,NA,NA,NA,NA,
464,CA Technology,6,20.10.2016,NA,1,NA,2,NA,NA,NA,NA,NA,
465,ELEATION Academy,5.5,25.10.2016,NA,NA,NA,NA,22,5,15,NA,NA,
466,Franklin Templeton (MBA),3.45,25.10.2016,NA,NA,NA,NA,NA,NA,NA,NA,NA,
467,Virtusa Polaris with Pega,4,27.10.2016,NA,2,NA,2,NA,NA,NA,NA,NA,
468,Mobis Technical Center of India,4.97,28.10.2016,,,,,,NA,NA,NA,NA,
469,Hexagon Center India Pvt Ltd,4.85,01.11.2016,NA,3,NA,0,0,1,1,NA,NA,
470,Verity Knowledge Solutions,3.5,02.11.2016,NA,NA,NA,NA,NA,NA,NA,NA,NA,
471,Progress Software (Internshop),0.12,07.11.2016,NA,NA,NA,NA,NA,NA,NA,NA,NA,
472,Karvy Stock Broking Ltd   (MBA),6,08.11.2016,NA,NA,NA,NA,NA,NA,NA,NA,NA,
473,AMAZON,2.9,12.11.2016,0,0,0,0,0,1,1,0,0,
474,JustDial (MBA),3.12,21.11.2016,NA,NA,NA,NA,NA,NA,NA,NA,NA,
475,Bank of America,4.0,25.11.2016,6,7,0,2,3,0,1,1,2,
476,Dr.Reddy's Labs,6.5,20.12.2016,NA,NA,NA,NA,NA,NA,NA,NA,5,
477,GE (Internship),0.21,22.12.2016,NA,NA,NA,NA,NA,NA,NA,NA,NA,
478,"GE Corporation Consultant
Internship M.E",0.2,22.12.2016,NA,NA,NA,NA,NA,NA,NA,NA,NA,
479,HIL Limited,4.5,04.1.2017,NA,NA,NA,NA,NA,NA,NA,2,NA,
480,"GE Corporation Consultant
Internship M.E",0.2,22.12.2016,NA,NA,NA,NA,NA,NA,NA,NA,NA,
481,HIL Limited,4.5,04.1.2017,NA,NA,NA,NA,NA,NA,NA,2,NA,
482,"GE Appliances, Haier, non-GE",6.4,09.1.2017,NA,1,NA,0,NA,NA,NA,NA,NA,
483,UBER,3.7,16.1.2017,0,0,0,0,1,1,0,0,1,
484,ServiceNow,9.8,17.1.2017,NA,2,NA,0,NA,NA,NA,NA,NA,
485,ICICI MBA,3.0,18.1.2017,NA,NA,NA,NA,NA,NA,NA,NA,NA,
486,GE Corporation Consultant Internship M.E,2.4,22.12.2016,NA,NA,NA,NA,NA,NA,NA,NA,NA,
487,HIL Limited,4.5,4.01.2017,NA,NA,NA,NA,NA,NA,NA,3,NA,
488,"GE Appliances, Haier, non-GE",6.4,9.01.2017,NA,1,NA,0,NA,NA,NA,NA,NA,
489,UBER,3.7,16.01.2017,0,0,0,0,1,1,0,0,1,
490,ServiceNow,9.8,17.01.2017,NA,2,NA,0,NA,NA,NA,NA,NA,
491,Deloitte Internship (CSE & IT),0.3,18.01.2017,NA,4,NA,1,NA,NA,NA,NA,NA,
492,ICICI MBA,3.0,18.01.2017,NA,NA,NA,NA,NA,NA,NA,NA,NA,
493,NEULAND,3.5,20.01.2017,NA,NA,NA,NA,2,NA,NA,NA,NA,
494,Multiplier solutions,6.0,23.01.2017,2,6,0,0,1,2,4,3,0,
495,Dr.Reddy Labs,6.5,24.01.2017,NA,NA,NA,NA,NA,NA,NA,3,NA,
496,Synactive India Pvt Ltd,6.0,27.01.2017,NA,1,NA,0,NA,NA,NA,NA,NA,
497,Aurobindo Pharma (Chemical),3.6,31.01.2017,NA,NA,NA,NA,NA,NA,NA,3,NA,
498,ORACLE Poole,9.0,31.01.2017,0,1,0,0,NA,NA,NA,NA,NA,
499,Medha Servo Drives Pvt. Ltd,3.0,8.02.2017,1,NA,0,NA,0,NA,NA,NA,NA,
500,iB Hubs internship,3.0,20.02.2017,0,9,1,3,1,1,0,0,0,
501,Inspirage,4.8,22.02.2017,1,1,NA,0,NA,NA,NA,NA,NA,
502,Electronics Arts Games (EA),9.9,3.03.2017,NA,1,NA,0,NA,NA,NA,NA,NA,
503,BEL (Bharat Electronics Limited),8.6,6.03.2017,4,1,NA,NA,3,NA,0,NA,NA,
504,Ramky Enviro Engineers Limited,2.4,13.03.2017,NA,NA,NA,NA,5,NA,1,1,NA,
505,CoreCompete (iphigroup),4.2,14.03.2017,5,1,NA,0,NA,NA,NA,NA,NA,
506,Orient cement,4.0,16.03.2017,NA,NA,2,NA,2,NA,NA,,NA,
507,Spyry Technology  (Internship),3.0,19.03.2017,1,10,NA,1,NA,NA,NA,NA,NA,
508,Avaya India Pvt Ltd Internship,1.8,20.03.2017,NA,NA,NA,NA,NA,NA,NA,NA,NA,
509,Bajaj Allianz  MBA,3.3,27.03.2017,NA,NA,NA,NA,NA,NA,NA,NA,NA,
510,Aarvee Associates,3.5,30.03.2017,NA,NA,NA,NA,NA,NA,2,NA,NA,
511,ORACLE Poole,6.0,31.03.2017,0,1,NA,0,NA,NA,NA,NA,NA,
512,Bosch Limited,4.0,3.04.2017,NA,NA,1,NA,0,0,NA,NA,NA,
513,Hyundai Motor India Engineering,3.5,4.04.2017,NA,NA,NA,NA,1,NA,NA,NA,NA,
514,CPF (India) Pvt Ltd,4.8,7.04.2017,NA,NA,NA,NA,NA,NA,NA,NA,NA,
515,CA Technology  (Internship),1.5,17.04.2017,NA,3,NA,0,NA,NA,NA,NA,NA,
516,Dr.Reddy Labs,6.5,20.04.2017,NA,NA,NA,NA,2,NA,NA,NA,NA,
517,Byju's,7.0,14.05.2017,3,2,0,0,3,0,1,0,3,
518,Netcracker Technology,5.5,18.05.2017,3,3,0,1,NA,NA,NA,NA,NA,
519,BEL (Bharat Electronics Limited),8.6,19.05.2017,3,NA,NA,NA,NA,NA,NA,NA,NA,
520,Microsoft Codess (Internship),5.4,19.05.2017,NA,1,NA,NA,NA,NA,NA,NA,NA,
521,TCS Internship (pool),1.2,20.05.2017,0,1,NA,0,NA,NA,NA,NA,NA,
522,Defteam Solutions Pvt.Ltd,3.5,22.05.2017,NA,NA,NA,NA,NA,NA,NA,NA,NA,
523,RDC Concrete,3.5,22.05.2017,NA,NA,NA,NA,NA,NA,1,NA,NA,
524,JPMC Code for Good,6.5,16.07.2017,NA,15,NA,3,NA,NA,NA,NA,NA,
525,Accolite,10.0,19.07.2017,NA,0,NA,1,NA,NA,NA,NA,NA,
526,Oracle GBU,9.5,24.07.2017,0,2,0,2,NA,NA,NA,NA,NA,
527,Deloitte,6.2,1.08.2017,11,13,3,6,NA,NA,NA,NA,NA,
528,Next Education Solutions,7.0,4.08.2017,3,5,0,2,NA,NA,NA,NA,NA,
529,CoreCompete,7.0,10.08.2017,0,3,0,0,0,0,0,1,0,
530,Deloitte  (MBA),5.6,21.08.2017,NA,NA,NA,NA,NA,NA,NA,NA,NA,
531,OYO,10.5,23.08.2017,NA,3,NA,0,NA,NA,NA,NA,NA,
532,Mroads,7.0,24.08.2017,1,0,0,0,0,0,0,0,0,
533,ServiceNow,10.9,28.08.2017,NA,3,NA,0,NA,NA,NA,NA,NA,
534,CA Technology,6.0,31.08.2017,NA,7,NA,2,NA,NA,NA,NA,NA,
535,CoreCompete,7.0,1.09.2017,NA,0,NA,1,NA,NA,NA,NA,NA,
536,Infosys,3.3,6.09.2017,32,44,10,17,16,2,6,1,2,
537,Accenture,3.5,9.09.2017,101,54,34,25,35,14,23,6,7,
538,NCR Corporation,5.5,12.09.2017,8,7,0,2,NA,NA,NA,NA,NA,
539,Technipfmc,5.7,13.09.2017,NA,NA,NA,NA,4,0,NA,NA,NA,
540,Wipro,3.3,16.09.2017,12,13,4,9,0,1,NA,NA,NA,
541,Capgemini,3.2,18.09.2017,16,5,1,3,1,1,0,1,NA,
542,Mindtree Ltd Pool,3.3,23.09.2017,7,1,NA,1,NA,NA,NA,NA,NA,
543,"GE Appliances, a Haier",6.4,27.09.2017,NA,2,NA,0,NA,NA,NA,NA,NA,
544,Intellect Design Arena,5.0,4.10.2017,NA,8,NA,7,NA,NA,NA,NA,NA,
545,Intellect Design Arena (Internship),2.2,4.10.2017,NA,NA,NA,NA,NA,NA,NA,NA,NA,
546,DBS Asia Hub 2,10.0,7.10.2017,NA,12,NA,4,NA,NA,NA,NA,NA,
547,EZE Software,6.0,9.10.2017,NA,2,NA,0,NA,NA,NA,NA,NA,
548,Microsoft (Internship),5.4,9.10.2017,0,1,0,0,NA,NA,NA,NA,NA,
549,Franklin Templeton (MBA),3.5,10.10.2017,NA,NA,NA,NA,NA,NA,NA,NA,NA,
550,AMD India Pvt Ltd (Internship),3.4,10.10.2017,NA,NA,NA,NA,NA,NA,NA,NA,NA,
551,Karvy Stock Broking  (MBA),2.5,16.10.2017,NA,NA,NA,NA,NA,NA,NA,NA,NA,
552,Microsoft IGD,10.8,25.10.2017,NA,2,NA,1,NA,NA,NA,NA,NA,
553,MRF Ltd (MBA),4.3,30.10.2017,NA,NA,NA,NA,NA,NA,NA,NA,NA,
554,ITC Ltd,8.5,11.11.2017,NA,NA,1,NA,0,NA,NA,NA,NA,
555,IVY Comptech,7.0,27.11.2017,1,1,NA,0,NA,NA,NA,NA,NA,
556,Bank of America,4.3,29.11.2017,6,12,0,1,NA,NA,NA,NA,NA,
557,ICICI Securities MBA Pool,4.0,2.12.2017,NA,NA,NA,NA,NA,NA,NA,NA,NA,
558,HIL,5.5,28.12.2017,1,0,0,0,0,0,NA,NA,NA,
559,"Cognizant ""Next""",6.5,2.01.2017,1,3,0,1,0,0,0,0,0,
560,HSBC,7.0,3.01.2017,NA,1,NA,1,NA,NA,NA,NA,NA,
561,Kotak Life Insurance (pool),3.5,10.01.2018,NA,NA,NA,NA,NA,NA,NA,NA,NA,
562,Capital First Limited,6.6,17.01.2018,NA,NA,NA,NA,NA,NA,NA,NA,NA,
563,Godrej Boyce & Mfg Co Ltd,5.5,22.01.2018,NA,NA,1,NA,1,0,NA,NA,NA,
564,Tata Projects,4.0,31.01.2018,NA,NA,NA,NA,NA,NA,3,NA,NA,
565,Orient cement,4.0,2.02.2018,NA,NA,2,NA,1,NA,NA,1,NA,
566,Franklin Templeton,4.8,15.02.2018,0,10,0,0,NA,NA,NA,NA,NA,
567,KPIT Technologies Ltd  Internship,2.4,16.03.2018,NA,NA,NA,NA,NA,NA,NA,NA,NA,
568,Hetero Drugs,2.0,17.03.2018,NA,4,NA,0,NA,NA,NA,2,NA,
569,DXC Technologies  (pool),3.9,21.03.2018,NA,NA,NA,NA,NA,NA,NA,NA,NA,
570,Dr.Reddy Labs,4.0,23.03.2018,NA,NA,NA,NA,4,NA,NA,1,NA,
571,Ramco Cements MBA,5.0,23.03.2018,NA,NA,NA,NA,NA,NA,NA,NA,NA,
572,Byju's,9.0,23.03.2018,0,0,0,0,4,2,0,1,0,
573,IndiaMART InterMESH Ltd.,2.5,2.04.2018,NA,NA,NA,NA,NA,NA,NA,NA,NA,
574,ITC Ltd   MBA,4.0,3.04.2018,NA,NA,NA,NA,NA,NA,NA,NA,NA,
575,XSEED Education,11.0,8.04.2018,0,0,0,0,0,1,0,0,0,
576,Darwinbox,4.5,11.04.2018,0,0,0,0,1,0,0,0,0,
577,DATAWISE,3.5,16.04.2018,NA,2,NA,0,NA,NA,NA,NA,NA,
578,Sai Life Sciences,3.0,20.04.2018,NA,NA,NA,NA,NA,NA,NA,5,NA,
579,Hexagon Capability Center India Pvt. Ltd.,5.0,20.04.2018,NA,3,NA,0,1,0,NA,NA,NA,
580,Deloitte MBA Internship,3.0,7.02.2018,NA,NA,NA,NA,NA,NA,NA,NA,NA,
581,Hetero Drugs,2.0,17.03.2018,NA,4,NA,0,NA,NA,NA,0,NA,
582,CA Technology,6.0,19.05.2018,NA,1,NA,0,NA,NA,NA,NA,NA,
583,Mytrah Energy Pvt. Ltd.,3.0,14.05.2018,NA,NA,5,NA,NA,NA,3,NA,NA,
584,Cognizant - (MBA-HR),4.6,18.05.2018,NA,NA,NA,NA,NA,NA,NA,NA,NA,
585,MICROSOFT (Off Campus),36.0,14.11.2017,NA,1,NA,NA,NA,NA,NA,NA,NA,
586,MY HOME GROUP,2.4,19.05.2018,NA,NA,NA,NA,NA,NA,1,NA,NA,
587,Aurobindo,3.5,19.05.2018,NA,NA,NA,NA,6,NA,NA,1,1,
588,Cognizant Pool,3.4,2.06.2018,4,2,2,0,2,0,NA,NA,NA,
589,Verity Knowledge Solutions,3.8,5.06.2018,NA,NA,NA,NA,NA,NA,NA,NA,NA,
590,Samsung R&D  PPO,7.5,18.06.2019,NA,3,NA,0,NA,NA,NA,NA,NA,
591,JPMC Code for Good,9.0,15.07.2018,1,12,NA,7,NA,NA,NA,NA,NA,
592,Deloitte,6.2,24.07.2018,19,11,3,9,NA,NA,NA,NA,NA,
593,Oracle,9.5,25.07.2018,0,15,0,3,NA,NA,NA,NA,NA,
594,MICROSOFT,39.0,27.07.2018,NA,3,NA,0,NA,NA,NA,NA,NA,
595,ServiceNow,10.9,27.07.2018,0,1,NA,1,NA,NA,NA,NA,NA,
596,Wipro (off campus),3.2,30.07.2018,0,1,NA,NA,NA,1,NA,NA,NA,
597,NCR,7.0,2.08.2018,5,10,NA,3,NA,NA,NA,NA,NA,
598,DarwinBox,6.6,7.08.2018,1,1,NA,0,NA,NA,NA,NA,NA,
599,Value Labs,12.0,8.08.2018,0,1,0,0,NA,NA,NA,NA,NA,
600,EZE Software,6.4,10.08.2018,0,2,NA,0,NA,NA,NA,NA,NA,
601,Bank of America,4.3,20.08.2018,4,16,0,10,NA,NA,NA,NA,NA,
602,TechnipFMC,6.0,20.08.2018,NA,NA,NA,NA,4,2,NA,NA,NA,
603,Deloitte Tax USI MBA,6.0,21.08.2018,NA,NA,NA,NA,NA,NA,NA,NA,NA,
604,"HackwithiInfy (Infosys)         Power
Programmer Role",8.0,29.08.2018,0,2,0,1,0,0,0,0,0,
605,Epam Systems,6.0,5.09.2018,0,2,NA,1,NA,NA,NA,NA,NA,
606,Capgemini,3.5,7.09.2018,42,25,11,21,9,0,3,1,1,
607,Cognizant,3.4,9.09.2018,37,42,18,26,14,1,4,1,1,
608,Infosys,3.6,11.09.2018,70,52,31,42,34,6,15,1,6,
609,Infosys System Engineer Role,5.0,11.09.2018,0,6,0,2,NA,NA,NA,NA,NA,
610,VEDA IIT,3.6,12.09.1018,14,NA,NA,NA,NA,NA,NA,NA,NA,
611,Merilytics  Core,4.6,14.09.2018,0,6,2,1,0,0,0,NA,NA,
612,TCS Ninja,3.4,16.09.2018,24,10,6,10,2,1,NA,NA,NA,
613,Tata Elxsi Core,3.5,17.09.2018,11,2,2,2,NA,NA,NA,NA,NA,
614,Tata Elxsi Core,5.5,17.09.2018,NA,0,NA,1,NA,NA,NA,NA,NA,
615,Accenture,4.0,22.09.2018,29,20,31,18,NA,NA,NA,NA,NA,
616,PH Technologies,4.0,24.09.2018,NA,0,NA,3,NA,NA,NA,NA,NA,
617,Wells Fargo,6.4,26.09.2018,2,4,1,4,0,0,0,0,0,
618,"GE Appliances, a Haier company",6.3,27.09.2018,NA,2,NA,2,NA,NA,NA,NA,NA,
619,Medha Servo Drive,3.1,27.09.2018,2,NA,0,NA,0,0,NA,NA,NA,
620,"Hexagon Capability Center India
Pvt. Ltd.,",5.5,28.09.2018,NA,6,NA,2,1,0,1,NA,NA,
621,FranklinTempleton  MBA,3.5,1.10.2018,NA,NA,NA,NA,NA,NA,NA,NA,NA,
622,Invesco,4.0,5.10.2018,NA,NA,NA,NA,NA,NA,NA,NA,NA,
623,Karvy Stock Broking  (MBA),2.5,6.10.2018,NA,NA,NA,NA,NA,NA,NA,NA,NA,
624,Nalsoft,4.0,8.10.2018,1,0,0,0,0,1,0,1,NA,
625,Corecopete,6.0,11.10.2018,0,0,1,0,2,NA,0,NA,NA,
626,AIR Worlwide,7.3,11.10.2018,NA,2,0,0,0,0,0,NA,NA,
627,Novarties Healthcare,4.8,12.10.2018,NA,NA,NA,NA,NA,NA,NA,NA,NA,
628,Karvy,3.5,13.10.2018,1,5,NA,6,NA,NA,1,NA,NA,
629,S&P Global,3.5,13.10.2018,NA,NA,NA,NA,NA,NA,NA,NA,NA,
630,CtrlS Datacenters Ltd,4.0,15.10.2018,2,1,NA,0,NA,NA,NA,NA,NA,
631,Spandana Sphoorty Fina Ltd,3.3,15.10.2018,NA,NA,NA,NA,NA,NA,NA,NA,NA,
632,Accolite India,8.0,16.10.2018,NA,3,NA,3,NA,NA,NA,NA,NA,
633,Just Dial,3.0,24.11.2018,NA,NA,NA,NA,NA,NA,NA,NA,NA,
634,Kotak Life,3.5,5.12.2018,NA,NA,NA,NA,NA,NA,NA,NA,NA,
635,Dr.Reddy's Labs,4.0,10.12.2018,NA,NA,NA,NA,NA,NA,NA,NA,7,
636,HCL,6.0,12.12.2018,3,0,3,0,0,0,0,0,0,
637,Google ITPR,9.4,12.12.2018,1,1,0,0,NA,NA,NA,NA,NA,
638,Tvarana Software,4.0,14.12.2018,1,0,0,1,NA,NA,NA,NA,NA,
639,Fiat Chyrsler Automobiles,4.3,17.12.2018,1,NA,0,0,1,0,NA,NA,NA,
640,Caravel-AI,11.4,27.12.2018,NA,1,NA,0,NA,NA,NA,NA,NA,
641,Delhivery Backend Developer,8.0,27.12.2018,NA,3,NA,1,NA,NA,NA,NA,NA,
642,Carwale  MBA,3.3,22.01.2019,NA,NA,NA,NA,NA,NA,NA,NA,NA,
643,Syntizen Technologies P Ltd MBA,4.3,24.01.2019,NA,NA,NA,NA,NA,NA,NA,NA,NA,
644,Byju's,7.5,24.01.2019,0,0,0,1,1,1,0,0,1,
645,Godrej & Boyce Mfg Co,5.5,25.01.2019,NA,NA,NA,NA,1,NA,NA,NA,NA,
646,HIL Limited,4.5,28.01.2019,NA,NA,3,NA,2,NA,NA,2,NA,
647,Reliance Infocomm Ltd JIO,3.5,29.01.2019,NA,NA,NA,NA,NA,NA,NA,NA,NA,
648,"Cognizant ""NEXT""",6.7,31.01.2019,NA,1,NA,2,NA,NA,NA,NA,NA,
649,ZF Technologies,4.3,1.02.2019,7,NA,0,NA,NA,NA,NA,NA,NA,
650,Premier Developers Pvt Ltd intern,1.2,1.02.2019,NA,NA,NA,NA,5,9,5,NA,NA,
651,MRF,4.4,30.01.2019,NA,NA,NA,NA,NA,NA,NA,NA,NA,
652,Ryan India Tax Services Pvt Ltd,2.3,7.02.2019,NA,NA,NA,NA,NA,NA,NA,NA,NA,
653,Prolifics Global Technology,3.0,12.02.2019,2,1,0,0,NA,NA,NA,NA,NA,
654,Tata Trent MBA,4.5,14.02.2019,NA,NA,NA,NA,NA,NA,NA,NA,NA,
655,Dyson Global Technology,5.8,15.02.2019,0,0,1,0,0,0,0,1,0,
656,Apollo Munich Insurance MBA,3.0,19.01.2019,NA,NA,NA,NA,NA,NA,NA,NA,NA,
657,D.E.Shaw Group Intern,1.0 PM,25.01.2019,NA,1,NA,NA,NA,NA,0,0,0,
658,ClassKlap,5.5,21.02.2019,NA,NA,NA,NA,NA,NA,NA,NA,NA,
659,Microsoft Intern,"80,000 PM",21.02.2019,NA,2,NA,NA,NA,NA,0,0,0,
660,VEDA IIT,3.6,22.02.2019,7,NA,NA,NA,NA,NA,NA,NA,NA,
661,Auto Vision Labs,3.0,27.02.2019,NA,2,NA,0,NA,NA,2,NA,NA,
662,Divis Labs,2.1,28.02.2019,NA,NA,NA,NA,NA,NA,NA,18,NA,
663,ICICI Bank MBA,2.4,8.03.2019,NA,NA,NA,NA,NA,NA,NA,NA,NA,
664,GENPACT MBA,3.0,8.03.2019,0,0,0,0,0,0,0,0,0,
665,Sirpur Paper Mills,3.3,9.03.2019,NA,NA,NA,NA,NA,NA,NA,3,NA,
666,AtoS Syntel,3.1,10.03.2019,0,0,0,1,NA,NA,NA,NA,NA,
667,OPPO R&D Center,3.0,13.03.2019,2,NA,NA,NA,NA,NA,NA,NA,NA,
668,Ninjacart pool MBA,4.0,14.03.2019,NA,NA,NA,NA,NA,NA,NA,NA,NA,
669,HDFC AMC MBA,3.0,16.03.2019,NA,NA,NA,NA,NA,NA,NA,NA,NA,
670,"EA Games (srinidhhi, osmania)",11.0,18.03.2019,NA,2,NA,0,NA,NA,NA,NA,NA,
671,Mech Zone Solutions,3.0,23.03.2019,2,1,1,3,9,10,7,2,2,
672,Frontier Business Systems MBA,3.5,25.03.2019,NA,NA,NA,NA,NA,NA,NA,NA,NA,
673,Cyient,3.3,27.03.2019,0,1,0,0,NA,NA,NA,NA,NA,
674,Kotak Mahindra Bank Ltd   MBA,4.0,27.03.2019,NA,NA,NA,NA,NA,NA,NA,NA,NA,
675,Aarvee Associates,3.6,13.04.2019,NA,NA,NA,NA,NA,NA,2,NA,NA,
676,Hitachi Consulting,6.5,9.05.2019,NA,1,NA,0,NA,NA,NA,NA,NA,
677,"Tecnicas Reunidas Engineers
India Pvt Ltd",2.8,10.05.2019,NA,NA,NA,NA,0,NA,NA,1,NA,
678,Water Health,4.5,2.05.2019,NA,NA,NA,NA,0,NA,NA,1,NA,
679,Medha Servo Drives Pvt Ltd.,3.5,10.05.2019,2,NA,NA,NA,NA,NA,NA,NA,0,
680,HDFC AMC MBA,3.0,16.03.2019,NA,NA,NA,NA,NA,NA,NA,NA,NA,
681,ITC,8.0,14.05.2019,0,0,0,2,0,NA,NA,NA,NA,
682,Aurobindo Pharma Limited,3.6,21.06.2019,NA,NA,NA,NA,3,NA,NA,1,NA,
683,KoffeMedia Nuronics,4.0,26.06.2019,NA,NA,NA,NA,NA,NA,NA,NA,NA,
684,Kore.ai,5.0,29.06.2019,NA,NA,NA,NA,NA,NA,NA,NA,NA,
685,Darwinbox,8.4,11.07.2019,NA,1,NA,1,NA,NA,NA,NA,NA,
686,Accolite Software Pvt Ltd,8.0,12.07.2019,NA,5,NA,0,NA,NA,NA,NA,NA,
687,Microsoft,41.0,13.07.2019,0,2,0,0,NA,NA,NA,NA,NA,
688,JPMorgan Chase & Co.,14.0,14.07.2019,NA,29,NA,6,NA,NA,NA,NA,NA,
689,EPAM Ltd,6.0,23.07.2019,0,3,NA,3,NA,NA,NA,NA,NA,
690,"Magnitude Software Ind Pvt.Ltd,",7.7,23.07.2019,NA,2,NA,0,NA,NA,NA,NA,NA,
691,Deloitte USI,7.6,"24.07.2019 &
21.08.2019",16,27,5,23,NA,NA,NA,NA,NA,
692,Oracle,9.5,"27.07.2019 &
15.10.2019",NA,8,NA,5,NA,NA,NA,NA,NA,
693,Hyundai Mobis R&D,4.5,31.07.2019,1,1,NA,1,NA,NA,NA,NA,NA,
694,Factset,8.9,02.08.2019,0,3,NA,3,NA,NA,NA,NA,NA,
695,Jaro Education,12.0,04.08.2019,0,0,0,0,1,0,0,0,0,
696,Byju's,10.0,13.08.2019,1,3,0,0,2,1,1,1,0,
697,HackWithInfy  Infosys SEP,5.0,14.08.2019,2,3,0,1,NA,NA,NA,NA,NA,
698,Loyalty Juggernaut India P Ltd,7.5,16.08.2019,NA,0,NA,4,NA,NA,NA,NA,NA,
699,Delhivery,8.0,19.08.2019,NA,3,NA,1,NA,NA,NA,NA,NA,
700,NCR Corporation,7.0,20.08.2019,0,7,NA,3,NA,NA,NA,NA,NA,
701,Just Dial,3.5,22.08.2019,0,0,0,0,0,1,0,1,0,
702,TCS NQT Ninja,3.6,26.08.2019,42,26,9,29,3,2,1,1,0,
703,Larsen Toubro Infotech (LTI),5.5,26.08.2019,41,41,9,21,3,1,0,0,0,
704,Larsen Toubro Infotech (LTI),6.5,26.08.2019,4,5,1,5,0,0,0,0,0,
705,Dr Reddy's Lab,3.5,27.08.2019,NA,NA,NA,NA,NA,NA,NA,NA,7,
706,Cognizant,4.0,03.09.2019,29,17,11,15,17,1,5,2,0,
707,Infosys INFYTQ,4.0,06.09.2019,46,29,31,22,36,2,13,7,3,
708,TechnipFMC Technologies Ltd,6.0,09.09.2019,NA,NA,NA,NA,3,0,NA,NA,NA,
709,Next Education,5.0,11.09.2019,NA,3,NA,3,NA,NA,NA,NA,NA,
710,Deloitte USI Tax,6.5,12.09.2019,NA,NA,NA,NA,NA,NA,NA,NA,NA,
711,Accenture Freshers Minds pool,4.5,14.09.2019,56,21,10,27,23,6,10,4,6,
712,Hexagon Capability Centre,5.5,18.09.2019,NA,3,NA,3,NA,NA,NA,NA,NA,
713,IBM,4.7,19.09.2019,1,2,0,0,NA,NA,NA,NA,NA,
714,MicronTechnology,7.5,20.09.2019,14,20,NA,16,NA,NA,NA,NA,NA,
715,Hitachi Consulting,6.5,21.09.2019,NA,1,NA,0,NA,NA,NA,NA,NA,
716,VEDA IIT,3.6,29.09.2019,2,NA,NA,NA,NA,NA,NA,NA,NA,
717,Volante Software Pvt Ltd,4.5,03.10.2019,NA,1,NA,2,NA,NA,NA,NA,NA,
718,Hindustan Unilever,7.0,03.10.2019,NA,NA,0,NA,1,0,NA,0,NA,
719,Cultfit,4.0,10.10.2019,NA,NA,NA,NA,NA,NA,NA,NA,NA,
720,ITC,8.0,11.10.2019,NA,NA,0,NA,1,0,NA,0,NA,
721,Sales Force Com Pvt Ltd,11.9,11.10.2019,NA,0,NA,1,NA,NA,NA,NA,NA,
722,ZF Technologies,4.3,21.10.2019,5,1,2,0,4,NA,NA,NA,NA,
723,Unistring Tech Solutions (UTS),3.0,23.10.2019,9,0,0,NA,NA,NA,NA,NA,NA,
724,S2Tech Com India Pvt Ltd MBA,3.5,31.10.2019,NA,NA,NA,NA,NA,NA,NA,NA,NA,
725,Verizon,5.5,01.11.2019,NA,2,NA,1,NA,NA,NA,NA,NA,
726,Gingerboard pool,1.9,01.11.2019,NA,NA,NA,NA,NA,NA,NA,NA,NA,
727,JK Technosoft,3.5,02.11.2019,NA,NA,NA,NA,NA,NA,NA,NA,NA,
728,Invesco Hack2Hire pool,12.0,02.11.2019,NA,0,NA,1,NA,NA,NA,NA,NA,
729,Modak Analytics,5.0,08.11.2019,0,14,NA,0,NA,NA,NA,NA,NA,
730,Google,10.5,13.11.2019,0,3,0,0,NA,NA,NA,NA,NA,
731,Godrej & Boyce Mfg Co,5.5,18.11.2019,NA,NA,NA,NA,4,2,1,NA,NA,
732,Kotak Life Insurance,3.5,19.11.2019,NA,NA,NA,NA,NA,NA,NA,NA,NA,
733,Value Labs MBA pool,2.0,20.11.2019,NA,NA,NA,NA,NA,NA,NA,NA,NA,
734,MRF Ltd,5.0,21.11.2019,NA,NA,NA,NA,NA,NA,NA,NA,NA,
735,TCS pool,5.8,23.11.2019,NA,NA,NA,NA,NA,NA,NA,NA,NA,
736,Invesco  Pvt Ltd MBA,4.2,01.12.2019,NA,NA,NA,NA,NA,NA,NA,NA,NA,
737,Raam Group MBA,3.8,02.12.2019,0,0,0,0,0,0,0,1,0,
738,IBM (Off Campus),4.3,09.12.2019,1,NA,NA,NA,NA,NA,NA,NA,NA,
739,Berkadia,4.2,12.12.2019,NA,NA,NA,NA,NA,NA,NA,NA,NA,
740,Prudent Lighting Solutions pool,3.7,18.12.2019,NA,NA,NA,NA,NA,NA,NA,NA,NA,
741,KSR Eyecare Pvt Ltd pool,3.6,17.12.2019,NA,NA,NA,NA,NA,NA,NA,NA,NA,
742,Reliance Jio Infocomm Limited,3.3,19.12.2019,NA,NA,NA,NA,NA,NA,NA,NA,NA,
743,Arohan MBA,4.5,20.12.2019,NA,NA,NA,NA,NA,NA,NA,NA,NA,
744,Merilytics Core,4.6,23.12.2019,NA,NA,0,0,1,0,0,0,0,
745,Dyson Technology India Pvt Ltd,5.1,30.12.2019,0,0,0,7,0,0,1,1,0,
746,Sai Life Sciences,3.0,03.01.2020,NA,NA,NA,NA,NA,NA,NA,4,NA,
747,Blue Star Limited   pool,5.6,04.01.2020,NA,NA,1,NA,1,NA,NA,NA,NA,
748,Campus Marg Consulting P Ltd,1.6,07.01.2020,NA,NA,NA,NA,NA,NA,NA,NA,NA,
749,Modak Analytics Off Campus,4.5,08.01.2020,NA,6,NA,0,NA,NA,NA,NA,NA,
750,Hyundai Motors Pvt Ltd,8.0,09.01.2020,NA,NA,NA,NA,1,0,NA,NA,NA,
751,Lido Learning,3.6,10.01.2020,0,0,0,0,1,0,0,0,0,
752,Microchip,8.5,22.01.2020,NA,NA,NA,NA,NA,NA,NA,NA,NA,
753,SarvHR MBA,3.5,27.01.2020,NA,NA,NA,NA,NA,NA,NA,NA,NA,
754,Diagnostic BioSystems (DBS),4.6,27.01.2020,NA,NA,NA,NA,NA,NA,NA,NA,NA,
755,R2 Seeds Pvt Ltd pool,3.0,28.01.2020,NA,NA,NA,NA,NA,NA,NA,NA,NA,
756,Invesco Pvt Ltd MBA,4.2,04.02.2020,NA,NA,NA,NA,NA,NA,NA,NA,NA,
757,Tata Advanced Systems P Ltd,4.0,11.02.2020,NA,NA,NA,NA,NA,NA,NA,NA,NA,
758,EA Games India (P) Ltd,12.2,12.02.2020,NA,2,NA,,NA,NA,NA,NA,NA,
759,JK Paper Mills Ltd,3.8,14.02.2020,NA,NA,NA,NA,2,NA,NA,3,NA,
760,Ford Motors Pvt Ltd,5.5,18.02.2020,0,3,0,4,NA,NA,NA,NA,NA,
761,Aurobindo Pharma Limited,3.6,25.02.2020,NA,NA,NA,NA,0,NA,NA,7,NA,
762,"Cognizant ""NEXT""",6.7,26.02.2020,0,1,0,0,0,0,0,0,0,
763,Orient Cement (Girls),4.0,16.03.2020,2,NA,NA,NA,NA,NA,NA,NA,NA,
764,Wiley,7.0,14.05.2020,1,NA,NA,NA,NA,NA,NA,NA,NA,
765,Ryan India Tax Ser Pvt Ltd,3.2,01.07.2020,NA,NA,NA,NA,NA,NA,NA,NA,NA,
766,Cognizant CIS off Campus,4.0,16.07.2020,1,0,0,0,2,0,1,1,3,
767,Accelerize360,6.0,20.08.2020,0,0,1,0,1,0,0,0,0,
768,Massmutual off,5.0,10.10.2020,NA,3,NA,5,NA,NA,NA,NA,NA,
769,Samsung Research Off,11.0,15.11.2020,1,1,0,0,NA,NA,NA,NA,NA,
770,Zephirum Off,3.0,12.12.2020,NA,NA,NA,NA,NA,NA,NA,NA,NA,
771,Radiant Appliances & Electronics,3.5,22.09.2020,0,NA,0,NA,4,1,NA,NA,NA,
772,Radiant Appliances & Electronics,3.5,23.01.2021,NA,NA,NA,NA,1,NA,NA,NA,NA,
773,ServiceNow,25.0,04.8.2020,1,4,0,5,NA,NA,NA,NA,NA,
774,Goldman Sachs Service,23.0,08.8.2020,NA,1,NA,1,NA,NA,NA,NA,NA,
775,JPMC On Campus & PPO,14.0,"09.08.2020 &
06.12.2020",1,30,0,5,NA,NA,NA,NA,NA,
776,Deloitte Tax On Campus & PPO MBA,6.5,"13.08.2020 &
15.10.2020",NA,NA,NA,NA,NA,NA,NA,NA,NA,
777,Micron,8.1,"18.08.2020
& 11.02.2021",10,15,1,5,NA,NA,NA,NA,NA,
778,Oracle FSGBU and NetSuite,11.5,"20.08.2020
07.09.2020
& 14.09.2020",2,16,0,4,NA,NA,NA,NA,NA,
779,Accolite,12.0,21.8.2020,0,2,0,1,NA,NA,NA,NA,NA,
780,FactSet,8.9,24.8.2020,0,5,0,1,NA,NA,NA,NA,NA,
781,"Deloitte, Tax & Audit",7.6,"28.08.2020,
08.10.2020
& 15.10.2020",23,25,7,13,NA,NA,NA,NA,NA,
782,Google PPO,11.5,02.9.2020,0,0,0,1,NA,NA,NA,NA,NA,
783,HackWithInfy Sytem Engineering Specialist (SES),5.0,"10.09.2020
& 06.10.2020",7,49,0,22,1,0,0,0,0,
784,Larsen & Toubro Infotech Ltd. LTI,5.0,14.9.2020,29,29,7,18,6,0,3,1,2,
785,Larsen & Toubro Infotech Ltd. LTI,6.5,14.9.2020,5,9,1,9,0,0,1,0,0,
786,Loyalty Juggernaut India P Ltd,7.5,20.9.2020,NA,2,NA,0,NA,NA,NA,NA,NA,
787,Capgemini,3.8,26.9.2020,25,16,2,11,3,1,3,1,1,
788,HUL,7.0,29.9.2020,NA,NA,0,NA,1,0,NA,0,NA,
789,Accenture,4.5,13.10.2020,43,32,16,16,4,2,1,1,2,
790,Merilytics,4.6,29.10.2020,1,3,1,1,0,0,0,0,0,
791,Raam Group,14.4,21.11.2020,3,2,1,0,7,2,0,0,1,
792,Cognizant GenC,4.0,22.11.2020,61,24,31,20,11,1,7,9,5,
793,Infosys,4.0,"27.11.2020
& 21.05.2021",18,7,12,8,8,0,4,4,1,
794,Cognizant GenC Next,7.0,29.11.2020,0,2,0,1,0,0,0,0,0,
795,Gap Inc.Technology Center,9.0,"03.12.2020
& 25.06.2021",5,4,NA,NA,NA,NA,NA,NA,NA,
796,Franklin Templeton MBA,3.5,04.12.2020,NA,NA,NA,NA,NA,NA,NA,NA,NA,
797,FICO,8.0,05.12.2020,NA,2,0,NA,NA,NA,NA,NA,NA,
798,TechnipFMC,6.0,05.12.2020,NA,NA,NA,NA,3,0,NA,NA,NA,
799,Berkadia MBA,4.5,"08.12.2020,
15.02.2021
& 04.05.2021",NA,NA,NA,NA,NA,NA,NA,NA,NA,
800,Jaro Education,8.0,08.12.2020,0,0,0,0,0,0,0,2,1,
801,F5  Networks Innovation Pvt Ltd,23.0,12.12.2020,3,4,0,1,NA,NA,NA,NA,NA,
802,Hexagon Capability Center India,5.5,15.12.2020,NA,5,NA,2,NA,NA,NA,NA,NA,
803,TCS Ninja / Codevita,3.5,17.12.2020,15,10,4,5,3,1,,1,1,
804,ThoughtWorks,8.3,19.12.2020,NA,1,NA,0,NA,NA,NA,NA,NA,
805,Abzooba,5.0,30.12.2020,1,1,NA,0,NA,NA,NA,NA,NA,
806,SarvHR MBA,3.0,06.1.2021,NA,NA,NA,NA,NA,NA,NA,NA,NA,
807,Model N,7.3,07.1.2021,2,3,0,1,0,0,0,NA,NA,
808,Dr Reddys' Laborataries Ltd,3.9,15.1.2021,NA,NA,NA,NA,NA,NA,NA,NA,6,
809,Colruyt,5.0,15.1.2021,1,1,0,0,NA,NA,NA,NA,NA,
810,MTX,14.0,22.1.2021,NA,0,NA,1,NA,NA,NA,NA,NA,
811,Khumbu,10.0,01.2.2021,NA,2,NA,0,NA,NA,NA,NA,NA,
812,XIT Solutions,5.0,01.2.2021,NA,3,NA,0,NA,NA,NA,NA,NA,
813,VISA,15.4,10.2.2021,1,0,0,2,NA,NA,NA,NA,NA,
814,Tata Aig General Insurance Co,3.3,12.2.2021,NA,NA,NA,NA,NA,NA,NA,NA,NA,
815,ICICI  MBA,3.5,15.2.2021,NA,NA,NA,NA,NA,NA,NA,NA,NA,
816,Kotak Life  Insurance  MBA,3.5,19.2.2021,NA,NA,NA,NA,NA,NA,NA,NA,NA,
817,Innominds Software Pvt Ltd,3.5,19.2.2021,0,2,0,1,0,0,0,0,0,
818,IIFL Finance MBA,3.0,22.2.2021,NA,NA,NA,NA,NA,NA,NA,NA,NA,
819,Medha Servo Drive,3.4,"28.02.2021
& 26.04.2021",2,NA,2,NA,0,0,NA,NA,NA,
820,Global Edge Software,3.5,02.3.2021,1,2,0,0,NA,NA,NA,NA,NA,
821,Neuland Labs,5.0,13.3.2021,NA,NA,NA,NA,NA,NA,NA,1,NA,
822,Ryan India MBA,3.3,16.3.2021,NA,NA,NA,NA,NA,NA,NA,NA,NA,
823,Accelerize360,6.0,20.3.2021,0,0,0,1,NA,NA,NA,NA,NA,
824,Accelerize360,7.0,20.3.2021,0,1,0,1,NA,NA,NA,NA,NA,
825,Microsoft,43.0,24.3.2021,0,1,0,0,NA,NA,NA,NA,NA,
826,Laksh Semiconductors,3.0,27.3.2021,1,NA,0,NA,NA,NA,NA,NA,NA,
827,NCR Corporation,8.0,30.3.2021,0,1,0,0,NA,NA,NA,NA,NA,
828,Speed Labs,4.5,02.4.2021,0,0,1,0,NA,NA,NA,NA,NA,
829,Byjus,10.0,02.4.2021,3,0,1,0,2,0,0,0,0,
830,Oculotronics Technology,3.6,05.4.2021,1,1,1,NA,NA,NA,NA,NA,NA,
831,Bajaj Finance Ltd,2.7,06.4.2021,NA,NA,NA,NA,NA,NA,NA,NA,NA,
832,Innovacx Tech Labs Pvt Ltd,4.0,06.4.2021,NA,NA,NA,NA,NA,NA,NA,NA,NA,
833,ITC Limited,8.5,07.4.2021,NA,NA,0,NA,2,NA,NA,NA,NA,
834,Cloud4c,6.0,10.4.2021,7,0,8,0,2,0,1,NA,NA,
835,Orient Cement,4.0,13.4.2021,2,NA,NA,NA,NA,NA,NA,NA,NA,
836,Nupore Filtration Systems Pvt Ltd,3.0,19.4.2021,NA,NA,NA,NA,NA,NA,NA,1,1,
837,Electronics Arts (EA),15.0,23.4.2021,NA,2,NA,0,NA,NA,NA,NA,NA,
838,Hyundai Transys R&D,3.4,26.4.2021,NA,NA,NA,NA,5,NA,NA,NA,NA,
839,Sanghi Automotive Pvt Ltd,3.8,02.5.2021,NA,NA,NA,NA,NA,NA,NA,NA,NA,
840,Godrej & Boyce Mfg,5.5,08.5.2021,NA,NA,0,NA,1,NA,NA,NA,NA,
841,Modak Analytics,4.0,10.5.2021,11,3,NA,2,NA,NA,NA,NA,NA,
842,IndiaMART InterMESH Ltd,3.0,12.5.2021,NA,NA,NA,NA,NA,NA,NA,NA,NA,
843,Reputation.com (GB Meeting),13.2,"14.05.2021
& 22.05.2021",NA,4,NA,1,NA,NA,NA,NA,NA,
844,JK Paper Ltd,3.8,19.5.2021,NA,NA,NA,NA,2,NA,NA,3,NA,
845,HCL (PG),6.0,21.5.2021,0,0,0,0,0,0,0,0,0,
846,HCL (B.Tech),4.8,28.5.2021,15,7,8,9,NA,NA,NA,NA,NA,
847,Intellipaat,5.3,30.5.2021,0,0,0,1,0,0,0,0,0,
848,Infosys Specialist Programmer,8.0,"04.06.2021
& 16.06.2021",0,0,0,3,NA,NA,NA,NA,NA,
849,Infosys Digital Specialist Engineer,5.0,"04.06.2021
, 16.06.2021
&",4,1,1,6,NA,NA,NA,NA,NA,
850,Aurobindo Pharma,3.6,05.6.2021,NA,NA,NA,NA,2,0,NA,2,NA,
851,Massmutual,5.0,17.6.2021,13,7,0,11,NA,NA,NA,NA,NA,
852,Transrail Lighting Limited,4.3,29.6.2021,NA,NA,NA,NA,NA,NA,2,NA,NA,
853,Deepsea Technologies Inc,3.5,30.6.2021,NA,NA,NA,NA,3,NA,NA,NA,NA,
854,Arcesium PPO,22.5,30.6.2021,NA,1,NA,0,NA,NA,NA,NA,NA,
855,Cyient,4.6,07.7.2021,NA,NA,NA,NA,NA,NA,NA,NA,NA,
856,Aasspaass,5.5,06.7.2021,NA,1,NA,0,NA,NA,NA,NA,NA,
857,Amazon PPO,33.0,07.7.2021,NA,7,NA,2,NA,NA,NA,NA,NA,
858,eAPPSys,4.0,09.7.2021,NA,2,NA,0,NA,NA,NA,NA,NA,
859,VRIZE,4.0,16.7.2021,1,2,1,0,NA,NA,NA,NA,NA,
860,AMD,14.5,20.7.2021,NA,NA,NA,NA,NA,NA,NA,NA,NA,
861,Multiplier Solutions,2.62,24.7.2021,1,0,2,0,0,0,0,0,2,
862,Torrent Gas,3.8,02.8.2021,NA,NA,0,NA,4,0,NA,NA,NA,
863,Revature,5.0,01.8.2021,0,1,0,0,0,0,0,0,0,
864,CHRYSO (I) Pvt. Ltd,3.0,05.8.2021,NA,NA,NA,NA,NA,NA,2,NA,NA,
865,Invesco,9.0,20.8.2021,NA,NA,NA,1,NA,NA,NA,NA,NA,
866,Salarpuria Sataa,3.22,20.8.2021,NA,NA,NA,NA,NA,NA,1,NA,NA,
867,Name of the Organization,"Salary Per Annum
(Rs. In Lakhs)",Date of Interview,ECE,CSE,EEE,IT,MEC H,PRO D,CIVIL,CHEM,Bio- Tech,
868,Orient Cement,4.0,28.8.2021,NA,NA,NA,NA,NA,NA,NA,1,NA,
869,BFIL Software,3.5,30.8.2021,NA,1,NA,1,NA,NA,NA,NA,NA,
870,NACL Industries Ltd,3.0,30.8.2021,0,NA,0,NA,NA,NA,NA,1,NA,
871,Infosys (SP),9.5,11.07.2021,0,1,0,0,NA,NA,NA,NA,NA,
872,Infosys (DSE),6.3,11.07.2021,1,3,0,3,NA,NA,NA,NA,NA,
873,Infosys (SE),4.0,11.07.2021,1,4,0,1,0,0,0,0,0,
874,Cognizant GenC Next,6.8,15.07.2022,NA,1,NA,0,NA,NA,NA,NA,NA,
875,Cognizant GenC Pro,4.0,"15.07.2022 &
05.09.2022",25,13,19,9,21,2,9,7,7,
876,JP Morgan Chase & Co. CFG & PPO,17.8,"19.07.2022,
21.10.2022 &
03.11.2022",1,21,0,18,NA,NA,NA,NA,NA,
877,Celigo,16.0,26.07.2022,0,4,0,0,0,0,NA,NA,NA,
878,,,"29.07.2022,",,,,,,,,,,
879,"Oracle (GBU, PDO & OFSS)",18.3,"14.09.2022,
19.10.2022 &",6,19,2,10,NA,NA,NA,NA,NA,
880,,,03.11.2022,,,,,,,,,,
881,Silicon Labs PPO,23.0,29.07.2022,2,NA,NA,NA,NA,NA,NA,NA,NA,
882,Furures First,12.5,01.08.2022,0,0,0,1,0,0,0,0,0,
883,ServiceNow,26.4,02.08.2022,1,4,0,2,NA,NA,NA,NA,NA,
884,Sales Force,12.7,08.08.2022,0,1,0,0,NA,NA,NA,NA,NA,
885,Micron Technology,10.2,10.08.2022,4,4,1,5,1,0,0,0,0,
886,Darwinbox,16.3,10.08.2022,0,3,0,2,NA,NA,NA,NA,NA,
887,Gainsight Software Pvt Ltd,15.0,12.08.2022,0,1,NA,5,NA,NA,NA,NA,NA,
888,Amazon (Support Engg II),9.8,18.08.2022,0,3,NA,3,NA,NA,NA,NA,NA,
889,Barclays,13.3,22.08.2022,NA,17,NA,18,NA,NA,NA,NA,NA,
890,Deloitte Consulting Role,7.6,25.08.2022,17,13,6,19,5,0,1,2,0,
891,Thomson Reuters,7.0,"25.08.2022 &
03.11.2022",NA,NA,NA,NA,NA,NA,NA,NA,NA,
892,IBM-CIO,7.7,29.08.2022,1,1,1,0,NA,NA,NA,NA,NA,
893,Goldman sachs PPO,24.0,31.08.2022,NA,1,NA,2,NA,NA,NA,NA,NA,
894,Arcesium,37.0,02.09.2022,0,2,NA,0,NA,NA,NA,NA,NA,
895,Fix Flyer Infotech,6.0,05.09.2022,1,1,NA,1,NA,NA,NA,NA,NA,
896,Cognizant Elevate,4.3,05.09.2022,3,7,3,7,0,0,0,0,0,
897,Gap Inc,11.7,05.09.2022,0,6,0,0,NA,NA,NA,NA,NA,
898,Bosch,7.5,07.09.2022,NA,NA,NA,NA,NA,NA,NA,NA,NA,
899,Merilytics,6.5,07.09.2022,2,2,1,1,NA,NA,NA,NA,NA,
900,,,"08.09.2022,",,,,,,,,,,
901,Aveva,7.0,28.10.2022 &,5,5,2,1,3,0,NA,3,NA,
902,,,31.10.2022,,,,,,,,,,
903,Ford Motors Pvt Ltd,6.0,10.09.2022,2,5,NA,2,NA,NA,NA,NA,NA,
904,Amazon (SDE Role Off),45.6,08.09.2022,0,0,NA,1,NA,NA,NA,NA,NA,
905,ZL Technologies,10.0,14.09.2022,0,1,0,0,NA,NA,NA,NA,NA,
906,Accenture Adv ASE,6.5,14.09.2022,2,0,0,2,0,0,0,0,0,
907,Accenture ASE,4.5,"14.09.2022 &
21.10.2022",17,20,6,18,5,1,2,1,1,
908,Prodapt (Super Dream),7.5,15.09.2022,0,0,0,1,NA,NA,NA,NA,NA,
909,Prodapt (Dream),5.5,15.09.2022,4,8,0,5,NA,NA,NA,NA,NA,
910,Deliveroo,27,"18.09.2022 &
19.10.2022",NA,0,NA,5,NA,NA,NA,NA,NA,
911,Value Labs (SD Role),27,"21.09.2022 &
26.09.2022",1,6,3,2,NA,NA,NA,NA,NA,
912,Value Labs (SDET Role),19,"21.09.2022 &
26.09.2022",0,0,2,1,NA,NA,NA,NA,NA,
913,Virtusa,7.0,22.09.2022,3,3,0,3,NA,NA,NA,NA,NA,
914,Providence India,27,22.09.2022,0,6,0,0,NA,NA,NA,NA,NA,
915,Pega Systems,16,23.09.2022,0,3,0,4,NA,NA,NA,NA,NA,
916,MindTree,4.0,"26.09.2022,
13.10.2022 &
17.10.2022",19,13,18,20,15,4,8,5,6,
917,IFTAS,5.0,28.09.2022,2,0,0,2,NA,NA,NA,NA,NA,
918,Home First Finance I Ltd,6.0,29.09.2022,NA,NA,NA,NA,NA,NA,NA,NA,NA,
919,CtrlS Cloud4C,6,03.10.2022,11,4,6,4,1,1,5,0,0,
920,PepsiCo GB Services India,10.8,04.10.2022,10,22,3,7,4,0,2,0,0,
921,Alliantgroup,7.2,04.10.2022,NA,NA,NA,NA,NA,NA,NA,NA,NA,
922,Berkadia On & PPO,5.2,"05.10.2022 &
13.10.2022",NA,NA,NA,NA,NA,NA,NA,NA,NA,
923,Virchow,2.4,11.10.2022,NA,NA,NA,NA,NA,NA,NA,NA,11,
924,Dravin Engg (GDT Role),4.5,11.10.2022,NA,NA,NA,NA,1,NA,NA,NA,NA,
925,Dravin Engg (GET Role),3.5,11.10.2022,NA,NA,NA,NA,3,NA,NA,NA,NA,
926,Qualcomm,17.7,11.10.2022,NA,3,NA,1,NA,NA,NA,NA,NA,
927,Hexagon Capability,5.5,11.10.2022,NA,0,NA,5,5,NA,NA,NA,NA,
928,State Street,8.5,12.10.2022,3,2,0,1,0,0,0,0,0,
929,TechnipFMC,7.0,12.10.2022,NA,NA,NA,NA,3,0,NA,NA,NA,
930,DE Shaw Group,21.5,14.10.2022,0,2,0,1,NA,NA,NA,NA,NA,
931,Deloitte Cyber Security Role,7.6,15.10.2022,1,2,0,0,NA,NA,NA,NA,NA,
932,Samsung Semiconductor,21.0,17.10.2022,1,0,0,0,NA,NA,NA,NA,NA,
933,DBS ASIA Hub2,10.8,"21.10.2022,
23.11.2022 &
11.01.2023",NA,20,NA,12,NA,NA,NA,NA,NA,
934,Incture,7.3,27.10.2022,2,4,NA,3,NA,NA,NA,NA,NA,
935,Quantra (Pokarna),6.0,27.10.2022,NA,NA,NA,NA,NA,NA,NA,5,NA,
936,Deloitte Tax (MBA),7.6,27.10.2022,NA,NA,NA,NA,NA,NA,NA,NA,NA,
937,XIT Solutions,4.0,03.11.2022,NA,2,NA,3,NA,NA,NA,NA,NA,
938,SmartServe,9.7,07.11.2022,0,0,0,0,3,0,0,0,0,
939,Mindtree High (CTC),6.5,08.11.2022,0,0,0,0,0,1,0,0,0,
940,Mindtree High (CTC),5.0,08.11.2022,2,1,1,1,0,0,0,1,0,
941,SmartSOCS,6.0,11.11.2022,1,NA,0,NA,0,0,NA,NA,NA,
942,VEDA IIT,3.5,11.11.2022,6,NA,4,NA,NA,NA,NA,NA,NA,
943,Franklin Templeton,4.3,17.11.2022,NA,NA,NA,NA,NA,NA,NA,NA,NA,
944,Acmegrade Info,6.0,18.11.2022,3,2,2,3,10,2,6,NA,NA,
945,Khumbu Systems,7.0,21.11.2022,NA,1,NA,3,NA,NA,NA,NA,NA,
946,MAQ Software,10.0,21.11.2022,NA,2,NA,0,NA,NA,NA,NA,NA,
947,CloudAngles,5.0,22.11.2022,NA,2,3,NA,NA,NA,NA,NA,NA,
948,HSBC Technology India,9.0,22.11.2022,NA,2,2,4,NA,NA,NA,NA,NA,
949,Future First,12.9,23.11.2022,NA,0,NA,1,NA,NA,NA,NA,NA,
950,Berkadia UG,8.5,24.11.2022,NA,1,NA,1,NA,NA,NA,NA,NA,
951,Kreet Technologies Pvt Ltd,6.3,24.11.2022,1,0,0,0,0,0,0,0,0,
952,RACEnergy (Role1),8.0,24.11.2022,1,NA,1,NA,0,0,NA,NA,NA,
953,Searce,6.5,25.11.2022,0,1,1,0,0,0,0,NA,NA,
954,Eleation,4.2,30.11.2022,NA,NA,NA,NA,0,0,3,NA,NA,
955,Demandbase,9.0,01.12.2022,NA,1,NA,NA,NA,NA,NA,NA,NA,
956,PWC India Acceleration Center,6.0,03.12.2022,1,2,3,1,NA,NA,NA,NA,NA,
957,Dr.Reddys Laboratories,3.5,05.12.2022,NA,NA,NA,NA,NA,NA,NA,NA,2,
958,Quest Global,3.3,06.12.2022,1,0,0,1,NA,NA,NA,NA,NA,
959,RACEnergy (Role2),6.0,07.12.2022,0,NA,0,NA,2,0,NA,NA,NA,
960,Broadridge,10.0,07.12.2022,2,0,0,2,NA,NA,NA,NA,NA,
961,Signion Systems,7.0,07.12.2022,2,NA,NA,NA,NA,NA,NA,NA,NA,
962,Polycab India Ltd,6.5,09.12.2022,NA,NA,NA,NA,NA,NA,NA,NA,NA,
963,Renault Nissan Technology,5.8,13.12.2022,0,0,0,NA,0,NA,NA,NA,NA,
964,Simplify Workforce Pvt Ltd,8.0,14.12.2022,0,0,NA,1,NA,NA,NA,NA,NA,
965,Azentio,5.0,20.12.2022,NA,NA,NA,NA,NA,NA,NA,NA,NA,
966,BizAcuity Soft Engg Role-1,8.0,23.12.2022,0,1,NA,0,NA,NA,NA,NA,NA,
967,BizAcuity Soft Engg Role-2,7.0,23.12.2022,3,1,NA,0,NA,NA,NA,NA,NA,
968,Constelli,3.5,02.01.2023,1,0,0,0,NA,NA,NA,NA,NA,
969,ChemVeda,5.0,02.01.2023,NA,NA,NA,NA,NA,NA,NA,NA,NA,
970,Apollo24/7,30.0,02.01.2023,0,2,0,0,NA,NA,NA,NA,NA,
971,Arcesium  Ops Specialist Role,7.0,02.01.2023,2,2,NA,1,NA,NA,NA,NA,NA,
972,Intellipaat,9.0,03.01.2023,4,5,7,0,13,2,4,5,0,
973,Medha Servo Drives Pvt Ltd,5.0,03.01.2023,1,NA,0,NA,0,0,NA,NA,NA,
974,Modak,6.0,04.01.2023,1,0,1,2,NA,NA,NA,NA,NA,
975,Verity,8.7,10.01.2023,NA,NA,NA,NA,NA,NA,NA,NA,NA,
976,PeopleLink,6.0,10.01.2023,NA,NA,NA,NA,NA,NA,NA,NA,NA,
977,Buro Happold,5.0,10.01.2023,NA,NA,NA,NA,NA,NA,NA,NA,NA,
978,HIL,4.5,12.01.2023,NA,1,NA,0,NA,NA,NA,NA,NA,
979,GE Appliances,8.0,16.01.2023,NA,0,NA,1,NA,NA,NA,NA,NA,
980,Synopsys PPO,19.3,17.01.2023,3,0,0,0,NA,NA,NA,NA,NA,
981,Invesco,10.0,18.01.2023,0,2,NA,1,1,0,0,2,,
,,,,,,,,,,,,,
